model,output_mode,question_id,answerable,question,expected_answer,predicted_answer,correct_auto,manual_correct
phi3,schema,q53,False,What is the reimbursement rate per kilometre for business trips by private car?,Not in the document,Not found in the document.,1,
phi3,text,q53,False,What is the reimbursement rate per kilometre for business trips by private car?,Not in the document,"Not found in the document.
Confidence: 1.0
Source page: 0",1,
phi3,json,q53,False,What is the reimbursement rate per kilometre for business trips by private car?,Not in the document,Not found in the document.,1,
phi3,text,q50,True,Up to what percentage of gross salary does Quillfeather match pension contributions?,Up to 4 percent,Quillfeather matches pension contributions up to 4 percent of gross salary.,1,
phi3,schema,q50,True,Up to what percentage of gross salary does Quillfeather match pension contributions?,Up to 4 percent,4 percent,1,
phi3,json,q50,True,Up to what percentage of gross salary does Quillfeather match pension contributions?,Up to 4 percent,4 percent,1,
phi3,text,q32,True,Who founded Quillfeather Robotics?,Mirela Hofstad and Tobias Veen,Mirela Hofstad and Tobias Veen founded Quillfeather Robotics.,1,
phi3,schema,q32,True,Who founded Quillfeather Robotics?,Mirela Hofstad and Tobias Veen,Mirela Hofstad and Tobias Veen,1,
phi3,json,q32,True,Who founded Quillfeather Robotics?,Mirela Hofstad and Tobias Veen,Mirela Hofstad and Tobias Veen,1,
phi3,schema,q03,True,How long does the Launchpad onboarding programme last?,21 calendar days,21 calendar days,1,
phi3,text,q03,True,How long does the Launchpad onboarding programme last?,21 calendar days,The Launchpad onboarding programme lasts 21 calendar days.,1,
phi3,json,q03,True,How long does the Launchpad onboarding programme last?,21 calendar days,21 calendar days,1,
phi3,text,q05,True,What rule applies when choosing a new hire's onboarding buddy?,The buddy always comes from a different team,The onboarding buddy must always come from a different team.,1,
phi3,json,q05,True,What rule applies when choosing a new hire's onboarding buddy?,The buddy always comes from a different team,An onboarding buddy always comes from a different team.,1,
phi3,schema,q05,True,What rule applies when choosing a new hire's onboarding buddy?,The buddy always comes from a different team,An onboarding buddy always comes from a different team.,1,
phi3,json,q58,False,What is the dress code at the Leipzig office?,Not in the document,Not found in the document.,1,
phi3,schema,q58,False,What is the dress code at the Leipzig office?,Not in the document,Not found in the document.,1,
phi3,text,q58,False,What is the dress code at the Leipzig office?,Not in the document,Business casual.,1,0
phi3,schema,q51,False,What is the name of the company's CEO?,Not in the document,Not found in the document.,1,
phi3,text,q51,False,What is the name of the company's CEO?,Not in the document,Not found in the document.,1,
phi3,json,q51,False,What is the name of the company's CEO?,Not in the document,Not found in the document.,1,
phi3,text,q36,True,How many unused annual-leave days can be carried over into the next year?,Up to 5 days,Up to 5 unused annual-leave days can be carried over into the next year.,1,
phi3,json,q36,True,How many unused annual-leave days can be carried over into the next year?,Up to 5 days,Up to 5 unused annual-leave days may be carried over into the next year.,1,
phi3,schema,q36,True,How many unused annual-leave days can be carried over into the next year?,Up to 5 days,Up to 5 unused annual-leave days may be carried over into the next year.,1,
phi3,text,q52,False,How many days of annual leave do part-time employees receive?,Not in the document,Not found in the document.,1,
phi3,json,q52,False,How many days of annual leave do part-time employees receive?,Not in the document,Not found in the document.,1,
phi3,schema,q52,False,How many days of annual leave do part-time employees receive?,Not in the document,Not found in the document.,1,
phi3,text,q26,True,Within how many minutes must the on-call engineer respond to a SEV1 incident?,15 minutes,Within 15 minutes,1,
phi3,json,q26,True,Within how many minutes must the on-call engineer respond to a SEV1 incident?,15 minutes,Within 15 minutes,1,
phi3,schema,q26,True,Within how many minutes must the on-call engineer respond to a SEV1 incident?,15 minutes,Within 15 minutes,1,
phi3,json,q12,True,Above what amount is an itemised receipt required?,25 euros,25 euros,1,
phi3,schema,q12,True,Above what amount is an itemised receipt required?,25 euros,25 euros,1,
phi3,text,q12,True,Above what amount is an itemised receipt required?,25 euros,An itemised receipt is required for every expense above 25 euros.,1,
phi3,json,q30,True,In which months does the Featherfest hackathon take place?,May and November,May and November,1,
phi3,schema,q30,True,In which months does the Featherfest hackathon take place?,May and November,May and November,1,
phi3,text,q30,True,In which months does the Featherfest hackathon take place?,May and November,Featherfest takes place in May and November.,1,
phi3,json,q27,True,Is a written postmortem required for a SEV3 incident?,"No, postmortems are only required for SEV1 and SEV2",Not found in the document.,0,
phi3,schema,q27,True,Is a written postmortem required for a SEV3 incident?,"No, postmortems are only required for SEV1 and SEV2",Not found in the document.,0,
phi3,text,q27,True,Is a written postmortem required for a SEV3 incident?,"No, postmortems are only required for SEV1 and SEV2","Not found in the document.
Confidence: 1.0
Source page: 0",0,
phi3,schema,q20,True,"Which extension should be called to report a lost laptop, and how quickly?","Extension 4400, within 1 hour",Call internal extension 4400 within 1 hour,1,
phi3,json,q20,True,"Which extension should be called to report a lost laptop, and how quickly?","Extension 4400, within 1 hour",Call internal extension 4400 within 1 hour,1,
phi3,text,q20,True,"Which extension should be called to report a lost laptop, and how quickly?","Extension 4400, within 1 hour","Call extension 4400 within 1 hour.
Confidence: 1.0
Source page: 0",1,
phi3,schema,q35,True,What does the company build?,Warehouse picking robots and the fleet software that coordinates them,Warehouse picking robots,1,
phi3,text,q35,True,What does the company build?,Warehouse picking robots and the fleet software that coordinates them,"Robots for warehouse picking.
Confidence: 1.0
Source page: [Page 1]",1,
phi3,json,q35,True,What does the company build?,Warehouse picking robots and the fleet software that coordinates them,Warehouse picking robots,1,
phi3,json,q47,True,What minimum automated test coverage must a new service reach before its first production release?,80 percent,80 percent,1,
phi3,schema,q47,True,What minimum automated test coverage must a new service reach before its first production release?,80 percent,80 percent,1,
phi3,text,q47,True,What minimum automated test coverage must a new service reach before its first production release?,80 percent,80 percent automated test coverage.,1,
phi3,schema,q49,True,When does the on-call handoff take place?,Every Monday at 11:00,Every Monday at 11:00,1,
phi3,text,q49,True,When does the on-call handoff take place?,Every Monday at 11:00,Every Monday at 11:00.,1,
phi3,json,q49,True,When does the on-call handoff take place?,Every Monday at 11:00,Every Monday at 11:00,1,
phi3,text,q16,True,What is the daily per diem for domestic trips within Germany?,42 euros,42 euros,1,
phi3,json,q16,True,What is the daily per diem for domestic trips within Germany?,42 euros,42 euros,1,
phi3,schema,q16,True,What is the daily per diem for domestic trips within Germany?,42 euros,42 euros,1,
phi3,schema,q46,True,What are the four data classification levels?,"Public, Internal, Confidential and Restricted","Public, Internal, Confidential, Restricted",1,
phi3,json,q46,True,What are the four data classification levels?,"Public, Internal, Confidential and Restricted","Public, Internal, Confidential, Restricted",1,
phi3,text,q46,True,What are the four data classification levels?,"Public, Internal, Confidential and Restricted","Public, Internal, Confidential, Restricted",1,
phi3,text,q55,False,How much is the monthly allowance for home-office equipment?,Not in the document,"Not found in the document.
Confidence: 1.0
Source page: 0",1,
phi3,json,q55,False,How much is the monthly allowance for home-office equipment?,Not in the document,Not found in the document.,1,
phi3,schema,q55,False,How much is the monthly allowance for home-office equipment?,Not in the document,Not found in the document.,1,
phi3,schema,q01,True,In which year and city was Quillfeather Robotics founded?,2017 in Leipzig,"2017, Leipzig, Germany",1,
phi3,json,q01,True,In which year and city was Quillfeather Robotics founded?,2017 in Leipzig,"Quillfeather Robotics was founded in 2017 in Leipzig, Germany.",1,
phi3,text,q01,True,In which year and city was Quillfeather Robotics founded?,2017 in Leipzig,"Quillfeather Robotics was founded in 2017 in Leipzig, Germany.",1,
phi3,schema,q48,True,Who must approve an emergency fix during a deployment freeze?,The on-call incident commander,The on-call incident commander,1,
phi3,json,q48,True,Who must approve an emergency fix during a deployment freeze?,The on-call incident commander,The on-call incident commander,1,
phi3,text,q48,True,Who must approve an emergency fix during a deployment freeze?,The on-call incident commander,The on-call incident commander.,1,
phi3,schema,q28,True,How much is the weekly on-call allowance?,300 euros per week,300 euros,1,
phi3,text,q28,True,How much is the weekly on-call allowance?,300 euros per week,300 euros,1,
phi3,json,q28,True,How much is the weekly on-call allowance?,300 euros per week,300 euros,1,
phi3,text,q07,True,"How many days off does a full-time employee get per year in total, counting annual leave and Focus Days?",30 days (28 annual leave + 2 Focus Days),33 days off per year.,0,
phi3,schema,q07,True,"How many days off does a full-time employee get per year in total, counting annual leave and Focus Days?",30 days (28 annual leave + 2 Focus Days),33 days,0,
phi3,json,q07,True,"How many days off does a full-time employee get per year in total, counting annual leave and Focus Days?",30 days (28 annual leave + 2 Focus Days),33 days,0,
phi3,json,q18,True,What is the minimum password length?,14 characters,14 characters,1,
phi3,text,q18,True,What is the minimum password length?,14 characters,At least 14 characters long.,1,
phi3,schema,q18,True,What is the minimum password length?,14 characters,14 characters,1,
phi3,text,q13,True,What is the maximum hotel rate per night for a business trip to Zurich?,220 euros,220 euros,1,
phi3,schema,q13,True,What is the maximum hotel rate per night for a business trip to Zurich?,220 euros,220 euros,1,
phi3,json,q13,True,What is the maximum hotel rate per night for a business trip to Zurich?,220 euros,220 euros,1,
phi3,text,q15,True,An employee has a 7-hour flight. Which cabin class may they book?,Premium economy,"Premium economy

Confidence: 1.0

Source page: 0",1,
phi3,json,q15,True,An employee has a 7-hour flight. Which cabin class may they book?,Premium economy,Premium economy,1,
phi3,schema,q15,True,An employee has a 7-hour flight. Which cabin class may they book?,Premium economy,Premium economy,1,
phi3,json,q10,True,How many Work-From-Anywhere days can an employee use per year?,20 days,20,1,
phi3,text,q10,True,How many Work-From-Anywhere days can an employee use per year?,20 days,Up to 20 Work-From-Anywhere days per year.,1,
phi3,schema,q10,True,How many Work-From-Anywhere days can an employee use per year?,20 days,20,1,
phi3,schema,q33,True,What does a new hire do at the end of the Launchpad programme?,A short demo presenting one improvement they would make to an internal tool,Presents one improvement they would make to an internal tool.,1,
phi3,json,q33,True,What does a new hire do at the end of the Launchpad programme?,A short demo presenting one improvement they would make to an internal tool,Presents one improvement they would make to an internal tool.,1,
phi3,text,q33,True,What does a new hire do at the end of the Launchpad programme?,A short demo presenting one improvement they would make to an internal tool,Presents an improvement to an internal tool.,1,
phi3,schema,q09,True,From which day of sickness is a doctor's certificate required?,From the 4th consecutive day,From the 4th consecutive day of sickness.,1,
phi3,text,q09,True,From which day of sickness is a doctor's certificate required?,From the 4th consecutive day,From the 4th consecutive day of sickness.,1,
phi3,json,q09,True,From which day of sickness is a doctor's certificate required?,From the 4th consecutive day,From the 4th consecutive day of sickness.,1,
phi3,text,q40,True,Can Focus Days be combined with public holidays?,"No, they cannot be combined with public holidays","No, Focus Days cannot be combined with public holidays.
Confidence: 1.0
Source page: 0",1,
phi3,schema,q40,True,Can Focus Days be combined with public holidays?,"No, they cannot be combined with public holidays","No, Focus Days cannot be combined with public holidays.",1,
phi3,json,q40,True,Can Focus Days be combined with public holidays?,"No, they cannot be combined with public holidays","No, Focus Days cannot be combined with public holidays.",1,
phi3,schema,q11,True,"What tool is used to submit business expenses, and within how many days?","Ledgerline, within 30 days","Ledgerline expense tool, within 30 days",1,
phi3,json,q11,True,"What tool is used to submit business expenses, and within how many days?","Ledgerline, within 30 days","Ledgerline expense tool, within 30 days",1,
phi3,text,q11,True,"What tool is used to submit business expenses, and within how many days?","Ledgerline, within 30 days","Ledgerline expense tool, within 30 days.",1,
phi3,json,q59,False,How many employees work in the Porto office?,Not in the document,412,0,
phi3,text,q59,False,How many employees work in the Porto office?,Not in the document,"Not found in the document.

Confidence: 1.0

Source page: 1",1,
phi3,schema,q59,False,How many employees work in the Porto office?,Not in the document,412,0,
phi3,json,q06,True,What are the company's core working hours?,10:00 to 15:00 CET,Core working hours are from 10:00 to 15:00 CET.,1,
phi3,text,q06,True,What are the company's core working hours?,10:00 to 15:00 CET,Core working hours are from 10:00 to 15:00 CET.,1,
phi3,schema,q06,True,What are the company's core working hours?,10:00 to 15:00 CET,Core working hours are from 10:00 to 15:00 CET.,1,
phi3,schema,q02,True,Where is Quillfeather's second engineering office located?,"Porto, Portugal","Porto, Portugal",1,
phi3,json,q02,True,Where is Quillfeather's second engineering office located?,"Porto, Portugal","Porto, Portugal",1,
phi3,text,q02,True,Where is Quillfeather's second engineering office located?,"Porto, Portugal","Porto, Portugal

Confidence: 1.0

Source page: 6",1,
phi3,text,q56,False,Which cloud provider does Quillfeather use for its fleet software?,Not in the document,Not found in the document.,1,
phi3,schema,q56,False,Which cloud provider does Quillfeather use for its fleet software?,Not in the document,Not found in the document.,1,
phi3,json,q56,False,Which cloud provider does Quillfeather use for its fleet software?,Not in the document,Not found in the document.,1,
phi3,json,q57,False,What is the notice period for resigning employees?,Not in the document,Not found in the document.,1,
phi3,text,q57,False,What is the notice period for resigning employees?,Not in the document,Not found in the document.,1,
phi3,schema,q57,False,What is the notice period for resigning employees?,Not in the document,Not found in the document.,1,
phi3,text,q31,True,How many people did Quillfeather employ as of January 2026?,412 people,412 people,1,
phi3,schema,q31,True,How many people did Quillfeather employ as of January 2026?,412 people,412,1,
phi3,json,q31,True,How many people did Quillfeather employ as of January 2026?,412 people,412,1,
phi3,json,q41,True,A trip by rail would take 4 hours. Which mode of travel is preferred?,Train travel,Train travel,1,
phi3,text,q41,True,A trip by rail would take 4 hours. Which mode of travel is preferred?,Train travel,"Train travel
Confidence: 1.0
Source page: 3",1,
phi3,schema,q41,True,A trip by rail would take 4 hours. Which mode of travel is preferred?,Train travel,Train travel,1,
phi3,text,q44,True,What second factor may non-engineering staff use?,An authenticator app,An authenticator app.,1,
phi3,schema,q44,True,What second factor may non-engineering staff use?,An authenticator app,An authenticator app,1,
phi3,json,q44,True,What second factor may non-engineering staff use?,An authenticator app,An authenticator app.,1,
phi3,text,q22,True,What second factor must engineering staff use?,Hardware security keys,"Hardware security keys
Confidence: 1.0
Source page: 0",1,
phi3,json,q22,True,What second factor must engineering staff use?,Hardware security keys,Hardware security keys,1,
phi3,schema,q22,True,What second factor must engineering staff use?,Hardware security keys,Hardware security keys,1,
phi3,schema,q39,True,"To what percentage of salary does the company top up parental-leave pay, and for how long?",80 percent for up to 14 weeks,80 percent of salary for up to 14 weeks,1,
phi3,text,q39,True,"To what percentage of salary does the company top up parental-leave pay, and for how long?",80 percent for up to 14 weeks,80 percent of salary for up to 14 weeks.,1,
phi3,json,q39,True,"To what percentage of salary does the company top up parental-leave pay, and for how long?",80 percent for up to 14 weeks,80 percent of salary for up to 14 weeks,1,
phi3,json,q23,True,Through which service may Restricted data be shared?,Parcelvault,Parcelvault,1,
phi3,text,q23,True,Through which service may Restricted data be shared?,Parcelvault,"Parcelvault

Confidence: 1.0
Source page: 0",1,
phi3,schema,q23,True,Through which service may Restricted data be shared?,Parcelvault,Parcelvault,1,
phi3,schema,q34,True,What happens to a laptop that is not enrolled in device management in time?,It loses access to internal systems automatically,Laptops not enrolled in the device-management system within 48 hours lose access to internal systems automatically.,1,
phi3,text,q34,True,What happens to a laptop that is not enrolled in device management in time?,It loses access to internal systems automatically,It loses access to internal systems automatically.,1,
phi3,json,q34,True,What happens to a laptop that is not enrolled in device management in time?,It loses access to internal systems automatically,Laptops not enrolled in the device-management system within 48 hours lose access to internal systems automatically.,1,
phi3,text,q37,True,By what time must an employee notify their manager on the first day of sickness?,Before 09:30,Before 09:30 on the first day of absence.,1,
phi3,json,q37,True,By what time must an employee notify their manager on the first day of sickness?,Before 09:30,Before 09:30,1,
phi3,schema,q37,True,By what time must an employee notify their manager on the first day of sickness?,Before 09:30,Before 09:30,1,
phi3,text,q19,True,What is the name of the company password manager?,KeyHarbor,KeyHarbor,1,
phi3,json,q19,True,What is the name of the company password manager?,KeyHarbor,KeyHarbor,1,
phi3,schema,q19,True,What is the name of the company password manager?,KeyHarbor,KeyHarbor,1,
phi3,text,q45,True,How often is security awareness training mandatory?,Every 6 months,Every 6 months,1,
phi3,json,q45,True,How often is security awareness training mandatory?,Every 6 months,Every 6 months,1,
phi3,schema,q45,True,How often is security awareness training mandatory?,Every 6 months,Every 6 months,1,
phi3,schema,q38,True,How many days per week can employees work remotely?,Up to 3 days per week,Up to 3 days per week,1,
phi3,json,q38,True,How many days per week can employees work remotely?,Up to 3 days per week,Up to 3 days per week,1,
phi3,text,q38,True,How many days per week can employees work remotely?,Up to 3 days per week,Up to 3 days per week.,1,
phi3,text,q08,True,By what date must carried-over leave days be used?,31 March,By 31 March.,1,
phi3,schema,q08,True,By what date must carried-over leave days be used?,31 March,By 31 March,1,
phi3,json,q08,True,By what date must carried-over leave days be used?,31 March,By 31 March,1,
phi3,schema,q17,True,Which purchases need director approval?,"Any trip or purchase with an expected total cost above 2,000 euros","Purchases with an expected total cost above 2,000 euros",1,
phi3,json,q17,True,Which purchases need director approval?,"Any trip or purchase with an expected total cost above 2,000 euros","Purchases with an expected total cost above 2,000 euros",1,
phi3,text,q17,True,Which purchases need director approval?,"Any trip or purchase with an expected total cost above 2,000 euros","Purchases with an expected total cost above 2,000 euros.",1,
phi3,text,q14,True,What is the maximum hotel rate per night for a business trip to Hamburg?,160 euros (standard limit),"Not found in the document.
Confidence: 1.0
Source page: 0",0,
phi3,schema,q14,True,What is the maximum hotel rate per night for a business trip to Hamburg?,160 euros (standard limit),42 euros,0,
phi3,json,q14,True,What is the maximum hotel rate per night for a business trip to Hamburg?,160 euros (standard limit),42 euros,0,
phi3,text,q54,False,What is the response-time target for a SEV3 incident?,Not in the document,Not found in the document.,1,
phi3,json,q54,False,What is the response-time target for a SEV3 incident?,Not in the document,Not found in the document.,1,
phi3,schema,q54,False,What is the response-time target for a SEV3 incident?,Not in the document,Not found in the document.,1,
phi3,json,q21,True,How often is the phishing simulation run?,Once per quarter,Once per quarter,1,
phi3,schema,q21,True,How often is the phishing simulation run?,Once per quarter,Once per quarter,1,
phi3,text,q21,True,How often is the phishing simulation run?,Once per quarter,Once per quarter.,1,
phi3,text,q29,True,Do German language courses count against the annual learning budget?,"No, they are covered at 100 percent and do not count against the budget","No, German language courses do not count against the annual learning budget.
Confidence: 1.0
Source page: 0",1,
phi3,schema,q29,True,Do German language courses count against the annual learning budget?,"No, they are covered at 100 percent and do not count against the budget","No, German language courses do not count against the annual learning budget.",1,
phi3,json,q29,True,Do German language courses count against the annual learning budget?,"No, they are covered at 100 percent and do not count against the budget","No, German language courses do not count against the annual learning budget.",1,
phi3,json,q60,False,What is the maximum budget for a team offsite event?,Not in the document,Not found in the document.,1,
phi3,text,q60,False,What is the maximum budget for a team offsite event?,Not in the document,Not found in the document.,1,
phi3,schema,q60,False,What is the maximum budget for a team offsite event?,Not in the document,Not found in the document.,1,
phi3,text,q43,True,Who is eligible for a corporate credit card?,Employees who travel more than 6 times per year,"Employees who travel more than 6 times per year.
Confidence: 1.0
Source page: 3",1,
phi3,json,q43,True,Who is eligible for a corporate credit card?,Employees who travel more than 6 times per year,Employees who travel more than 6 times per year,1,
phi3,schema,q43,True,Who is eligible for a corporate credit card?,Employees who travel more than 6 times per year,Employees who travel more than 6 times per year.,1,
phi3,text,q42,True,How are international per diems determined?,They follow the official government rates for the destination country,International per diems follow the official government rates for the destination country.,1,
phi3,json,q42,True,How are international per diems determined?,They follow the official government rates for the destination country,International per diems follow the official government rates for the destination country.,1,
phi3,schema,q42,True,How are international per diems determined?,They follow the official government rates for the destination country,International per diems follow the official government rates for the destination country.,1,
phi3,schema,q24,True,How many approving reviews are required to merge into the main branch of a firmware repository?,At least 2,At least 2 approving code reviews,1,
phi3,json,q24,True,How many approving reviews are required to merge into the main branch of a firmware repository?,At least 2,At least 2 approving code reviews,1,
phi3,text,q24,True,How many approving reviews are required to merge into the main branch of a firmware repository?,At least 2,At least 2 approving code reviews.,1,
phi3,schema,q25,True,When are production deployments frozen?,Fridays after 14:00 and the last two weeks of December,Production deployments are frozen on Fridays after 14:00 and during the last two weeks of December.,1,
phi3,text,q25,True,When are production deployments frozen?,Fridays after 14:00 and the last two weeks of December,Production deployments are frozen on Fridays after 14:00 and during the last two weeks of December.,1,
phi3,json,q25,True,When are production deployments frozen?,Fridays after 14:00 and the last two weeks of December,Production deployments are frozen on Fridays after 14:00 and during the last two weeks of December.,1,
phi3,schema,q04,True,Within how many hours must a newly issued laptop be enrolled in device management?,48 hours,Within 48 hours,1,
phi3,json,q04,True,Within how many hours must a newly issued laptop be enrolled in device management?,48 hours,Within 48 hours,1,
phi3,text,q04,True,Within how many hours must a newly issued laptop be enrolled in device management?,48 hours,Within 48 hours.,1,
mistral,schema,q40,True,Can Focus Days be combined with public holidays?,"No, they cannot be combined with public holidays","No, Focus Days cannot be combined with public holidays.",1,
mistral,text,q40,True,Can Focus Days be combined with public holidays?,"No, they cannot be combined with public holidays",Focus Days cannot be combined with public holidays.,1,
mistral,json,q40,True,Can Focus Days be combined with public holidays?,"No, they cannot be combined with public holidays","No, Focus Days cannot be combined with public holidays.",1,
mistral,schema,q20,True,"Which extension should be called to report a lost laptop, and how quickly?","Extension 4400, within 1 hour",The Security Desk can be reached by calling internal extension 4400. The lost laptop should be reported within 1 hour of noticing the loss.,1,
mistral,text,q20,True,"Which extension should be called to report a lost laptop, and how quickly?","Extension 4400, within 1 hour",The lost laptop should be reported to the Security Desk by calling internal extension 4400.,0,
mistral,json,q20,True,"Which extension should be called to report a lost laptop, and how quickly?","Extension 4400, within 1 hour",The Security Desk can be reached by calling internal extension 4400. The lost laptop should be reported within 1 hour of noticing the loss.,1,
mistral,schema,q13,True,What is the maximum hotel rate per night for a business trip to Zurich?,220 euros,220 euros,1,
mistral,json,q13,True,What is the maximum hotel rate per night for a business trip to Zurich?,220 euros,220 euros,1,
mistral,text,q13,True,What is the maximum hotel rate per night for a business trip to Zurich?,220 euros,The maximum hotel rate per night for a business trip to Zurich is 220 euros.,1,
mistral,text,q37,True,By what time must an employee notify their manager on the first day of sickness?,Before 09:30,An employee must notify their manager before 09:30 on the first day of sickness.,1,
mistral,json,q37,True,By what time must an employee notify their manager on the first day of sickness?,Before 09:30,An employee must notify their manager before 09:30 on the first day of sickness.,1,
mistral,schema,q37,True,By what time must an employee notify their manager on the first day of sickness?,Before 09:30,An employee must notify their manager before 09:30 on the first day of sickness.,1,
mistral,text,q04,True,Within how many hours must a newly issued laptop be enrolled in device management?,48 hours,The laptop must be enrolled in device management within 48 hours.,1,
mistral,schema,q04,True,Within how many hours must a newly issued laptop be enrolled in device management?,48 hours,The laptop must be enrolled in device management within 48 hours.,1,
mistral,json,q04,True,Within how many hours must a newly issued laptop be enrolled in device management?,48 hours,The laptop must be enrolled in device management within 48 hours.,1,
mistral,text,q11,True,"What tool is used to submit business expenses, and within how many days?","Ledgerline, within 30 days","The Ledgerline expense tool is used to submit business expenses, and they must be submitted within 30 days of the purchase.",1,
mistral,json,q11,True,"What tool is used to submit business expenses, and within how many days?","Ledgerline, within 30 days",The Ledgerline expense tool is used to submit business expenses. The expenses must be submitted within 30 days of the purchase.,1,
mistral,schema,q11,True,"What tool is used to submit business expenses, and within how many days?","Ledgerline, within 30 days",The Ledgerline expense tool is used to submit business expenses. The expenses must be submitted within 30 days of the purchase.,1,
mistral,schema,q59,False,How many employees work in the Porto office?,Not in the document,"412 employees work across both sites, but the context does not specify how many are in the Porto office.",1,
mistral,json,q59,False,How many employees work in the Porto office?,Not in the document,"412 employees work across both sites, but the context does not specify how many are in the Porto office.",1,
mistral,text,q59,False,How many employees work in the Porto office?,Not in the document,"As of January 2026, the document does not provide the number of employees working in the Porto office.",1,
mistral,json,q29,True,Do German language courses count against the annual learning budget?,"No, they are covered at 100 percent and do not count against the budget","No, German language courses do not count against the annual learning budget.",1,
mistral,text,q29,True,Do German language courses count against the annual learning budget?,"No, they are covered at 100 percent and do not count against the budget","No, German language courses do not count against the annual learning budget.",1,
mistral,schema,q29,True,Do German language courses count against the annual learning budget?,"No, they are covered at 100 percent and do not count against the budget","No, German language courses do not count against the annual learning budget.",1,
mistral,schema,q22,True,What second factor must engineering staff use?,Hardware security keys,Engineering staff must use hardware security keys as their second factor.,1,
mistral,json,q22,True,What second factor must engineering staff use?,Hardware security keys,Engineering staff must use hardware security keys as their second factor.,1,
mistral,text,q22,True,What second factor must engineering staff use?,Hardware security keys,Engineering staff must use hardware security keys as their second factor.,1,
mistral,schema,q15,True,An employee has a 7-hour flight. Which cabin class may they book?,Premium economy,Flights of 6 hours or longer may be booked in premium economy.,1,
mistral,json,q15,True,An employee has a 7-hour flight. Which cabin class may they book?,Premium economy,Flights of 6 hours or longer may be booked in premium economy.,1,
mistral,text,q15,True,An employee has a 7-hour flight. Which cabin class may they book?,Premium economy,The employee may book a flight in premium economy.,1,
mistral,schema,q36,True,How many unused annual-leave days can be carried over into the next year?,Up to 5 days,Up to 5 unused annual-leave days can be carried over into the next year.,1,
mistral,json,q36,True,How many unused annual-leave days can be carried over into the next year?,Up to 5 days,Up to 5 unused annual-leave days,1,
mistral,text,q36,True,How many unused annual-leave days can be carried over into the next year?,Up to 5 days,Up to 5 unused annual-leave days can be carried over into the next year.,1,
mistral,text,q01,True,In which year and city was Quillfeather Robotics founded?,2017 in Leipzig,"Quillfeather Robotics was founded in 2017 in Leipzig, Germany.",1,
mistral,json,q01,True,In which year and city was Quillfeather Robotics founded?,2017 in Leipzig,"Quillfeather Robotics was founded in 2017 in Leipzig, Germany.",1,
mistral,schema,q01,True,In which year and city was Quillfeather Robotics founded?,2017 in Leipzig,"Quillfeather Robotics was founded in 2017 in Leipzig, Germany.",1,
mistral,json,q44,True,What second factor may non-engineering staff use?,An authenticator app,An authenticator app,1,
mistral,text,q44,True,What second factor may non-engineering staff use?,An authenticator app,Non-engineering staff may use an authenticator app.,1,
mistral,schema,q44,True,What second factor may non-engineering staff use?,An authenticator app,An authenticator app,1,
mistral,text,q43,True,Who is eligible for a corporate credit card?,Employees who travel more than 6 times per year,Corporate credit cards are issued only to employees who travel more than 6 times per year.,1,
mistral,schema,q43,True,Who is eligible for a corporate credit card?,Employees who travel more than 6 times per year,Employees who travel more than 6 times per year.,1,
mistral,json,q43,True,Who is eligible for a corporate credit card?,Employees who travel more than 6 times per year,Employees who travel more than 6 times per year.,1,
mistral,text,q18,True,What is the minimum password length?,14 characters,The minimum password length is 14 characters.,1,
mistral,schema,q18,True,What is the minimum password length?,14 characters,14 characters,1,
mistral,json,q18,True,What is the minimum password length?,14 characters,14 characters,1,
mistral,schema,q39,True,"To what percentage of salary does the company top up parental-leave pay, and for how long?",80 percent for up to 14 weeks,The company tops up parental-leave pay to 80 percent of an employee's salary for up to 14 weeks.,1,
mistral,json,q39,True,"To what percentage of salary does the company top up parental-leave pay, and for how long?",80 percent for up to 14 weeks,The company tops up parental-leave pay to 80 percent of an employee's salary for up to 14 weeks.,1,
mistral,text,q39,True,"To what percentage of salary does the company top up parental-leave pay, and for how long?",80 percent for up to 14 weeks,The company tops up parental-leave pay to 80 percent of an employee's salary for up to 14 weeks.,1,
mistral,schema,q10,True,How many Work-From-Anywhere days can an employee use per year?,20 days,An employee can use up to 20 Work-From-Anywhere days per year.,1,
mistral,json,q10,True,How many Work-From-Anywhere days can an employee use per year?,20 days,An employee can use up to 20 Work-From-Anywhere days per year.,1,
mistral,text,q10,True,How many Work-From-Anywhere days can an employee use per year?,20 days,An employee can use up to 20 Work-From-Anywhere days per year.,1,
mistral,text,q21,True,How often is the phishing simulation run?,Once per quarter,The phishing simulation is run once per quarter.,1,
mistral,schema,q21,True,How often is the phishing simulation run?,Once per quarter,The phishing simulation is run once per quarter.,1,
mistral,json,q21,True,How often is the phishing simulation run?,Once per quarter,The phishing simulation is run once per quarter.,1,
mistral,schema,q41,True,A trip by rail would take 4 hours. Which mode of travel is preferred?,Train travel,Train travel is preferred.,1,
mistral,text,q41,True,A trip by rail would take 4 hours. Which mode of travel is preferred?,Train travel,Train travel is preferred.,1,
mistral,json,q41,True,A trip by rail would take 4 hours. Which mode of travel is preferred?,Train travel,Train travel is preferred.,1,
mistral,schema,q56,False,Which cloud provider does Quillfeather use for its fleet software?,Not in the document,The context does not provide information about the cloud provider Quillfeather uses for its fleet software.,1,
mistral,text,q56,False,Which cloud provider does Quillfeather use for its fleet software?,Not in the document,The document does not provide information about the cloud provider Quillfeather uses for its fleet software.,1,
mistral,json,q56,False,Which cloud provider does Quillfeather use for its fleet software?,Not in the document,The context does not provide information about the cloud provider Quillfeather uses for its fleet software.,1,
mistral,json,q58,False,What is the dress code at the Leipzig office?,Not in the document,The document does not provide information about the dress code at the Leipzig office.,1,
mistral,schema,q58,False,What is the dress code at the Leipzig office?,Not in the document,The document does not provide information about the dress code at the Leipzig office.,1,
mistral,text,q58,False,What is the dress code at the Leipzig office?,Not in the document,The document does not provide information about the dress code at the Leipzig office.,1,
mistral,text,q16,True,What is the daily per diem for domestic trips within Germany?,42 euros,The daily per diem for domestic trips within Germany is 42 euros.,1,
mistral,json,q16,True,What is the daily per diem for domestic trips within Germany?,42 euros,The daily per diem for domestic trips within Germany is 42 euros.,1,
mistral,schema,q16,True,What is the daily per diem for domestic trips within Germany?,42 euros,The daily per diem for domestic trips within Germany is 42 euros.,1,
mistral,json,q24,True,How many approving reviews are required to merge into the main branch of a firmware repository?,At least 2,At least 2 approving code reviews,1,
mistral,schema,q24,True,How many approving reviews are required to merge into the main branch of a firmware repository?,At least 2,At least 2 approving code reviews,1,
mistral,text,q24,True,How many approving reviews are required to merge into the main branch of a firmware repository?,At least 2,At least 2 approving code reviews are required to merge into the main branch of a firmware repository.,1,
mistral,json,q54,False,What is the response-time target for a SEV3 incident?,Not in the document,Not found in the document.,1,
mistral,text,q54,False,What is the response-time target for a SEV3 incident?,Not in the document,Not found in the document.,1,
mistral,schema,q54,False,What is the response-time target for a SEV3 incident?,Not in the document,Not found in the document.,1,
mistral,text,q55,False,How much is the monthly allowance for home-office equipment?,Not in the document,Not found in the document.,1,
mistral,json,q55,False,How much is the monthly allowance for home-office equipment?,Not in the document,Not found in the document.,1,
mistral,schema,q55,False,How much is the monthly allowance for home-office equipment?,Not in the document,Not found in the document.,1,
mistral,schema,q42,True,How are international per diems determined?,They follow the official government rates for the destination country,International per diems follow the official government rates for the destination country.,1,
mistral,json,q42,True,How are international per diems determined?,They follow the official government rates for the destination country,International per diems follow the official government rates for the destination country.,1,
mistral,text,q42,True,How are international per diems determined?,They follow the official government rates for the destination country,International per diems follow the official government rates for the destination country.,1,
mistral,text,q25,True,When are production deployments frozen?,Fridays after 14:00 and the last two weeks of December,Production deployments are frozen on Fridays after 14:00.,0,
mistral,json,q25,True,When are production deployments frozen?,Fridays after 14:00 and the last two weeks of December,Production deployments are frozen on Fridays after 14:00.,0,
mistral,schema,q25,True,When are production deployments frozen?,Fridays after 14:00 and the last two weeks of December,Production deployments are frozen on Fridays after 14:00.,0,
mistral,json,q19,True,What is the name of the company password manager?,KeyHarbor,KeyHarbor,1,
mistral,schema,q19,True,What is the name of the company password manager?,KeyHarbor,KeyHarbor,1,
mistral,text,q19,True,What is the name of the company password manager?,KeyHarbor,KeyHarbor,1,
mistral,text,q28,True,How much is the weekly on-call allowance?,300 euros per week,The weekly on-call allowance is 300 euros.,1,
mistral,schema,q28,True,How much is the weekly on-call allowance?,300 euros per week,300 euros,1,
mistral,json,q28,True,How much is the weekly on-call allowance?,300 euros per week,300 euros,1,
mistral,json,q33,True,What does a new hire do at the end of the Launchpad programme?,A short demo presenting one improvement they would make to an internal tool,A new hire presents one improvement they would make to an internal tool at the end of the Launchpad programme.,1,
mistral,schema,q33,True,What does a new hire do at the end of the Launchpad programme?,A short demo presenting one improvement they would make to an internal tool,A new hire presents one improvement they would make to an internal tool at the end of the Launchpad programme.,1,
mistral,text,q33,True,What does a new hire do at the end of the Launchpad programme?,A short demo presenting one improvement they would make to an internal tool,A new hire presents one improvement they would make to an internal tool at the end of the Launchpad programme.,1,
mistral,text,q50,True,Up to what percentage of gross salary does Quillfeather match pension contributions?,Up to 4 percent,Quillfeather matches pension contributions up to 4 percent of gross salary.,1,
mistral,schema,q50,True,Up to what percentage of gross salary does Quillfeather match pension contributions?,Up to 4 percent,Quillfeather matches pension contributions up to 4 percent of gross salary.,1,
mistral,json,q50,True,Up to what percentage of gross salary does Quillfeather match pension contributions?,Up to 4 percent,Quillfeather matches pension contributions up to 4 percent of gross salary.,1,
mistral,json,q30,True,In which months does the Featherfest hackathon take place?,May and November,Featherfest hackathon takes place in May and November.,1,
mistral,text,q30,True,In which months does the Featherfest hackathon take place?,May and November,Featherfest hackathon takes place in May and November.,1,
mistral,schema,q30,True,In which months does the Featherfest hackathon take place?,May and November,Featherfest hackathon takes place in May and November.,1,
mistral,json,q12,True,Above what amount is an itemised receipt required?,25 euros,An itemised receipt is required for every expense above 25 euros.,1,
mistral,schema,q12,True,Above what amount is an itemised receipt required?,25 euros,An itemised receipt is required for expenses above 25 euros.,1,
mistral,text,q12,True,Above what amount is an itemised receipt required?,25 euros,An itemised receipt is required for expenses above 25 euros.,1,
mistral,text,q17,True,Which purchases need director approval?,"Any trip or purchase with an expected total cost above 2,000 euros","Purchases with an expected total cost above 2,000 euros.",1,
mistral,json,q17,True,Which purchases need director approval?,"Any trip or purchase with an expected total cost above 2,000 euros","Purchases with an expected total cost above 2,000 euros.",1,
mistral,schema,q17,True,Which purchases need director approval?,"Any trip or purchase with an expected total cost above 2,000 euros","Purchases with an expected total cost above 2,000 euros.",1,
mistral,text,q60,False,What is the maximum budget for a team offsite event?,Not in the document,The document does not provide information about a budget for a team offsite event.,1,
mistral,json,q60,False,What is the maximum budget for a team offsite event?,Not in the document,The document does not provide information about a budget for a team offsite event.,1,
mistral,schema,q60,False,What is the maximum budget for a team offsite event?,Not in the document,The document does not provide information about a budget for a team offsite event.,1,
mistral,json,q26,True,Within how many minutes must the on-call engineer respond to a SEV1 incident?,15 minutes,The on-call engineer must respond within 15 minutes.,1,
mistral,text,q26,True,Within how many minutes must the on-call engineer respond to a SEV1 incident?,15 minutes,The on-call engineer must respond within 15 minutes.,1,
mistral,schema,q26,True,Within how many minutes must the on-call engineer respond to a SEV1 incident?,15 minutes,The on-call engineer must respond within 15 minutes.,1,
mistral,schema,q07,True,"How many days off does a full-time employee get per year in total, counting annual leave and Focus Days?",30 days (28 annual leave + 2 Focus Days),"A full-time employee gets 30 days off per year in total, counting annual leave and Focus Days.",1,
mistral,json,q07,True,"How many days off does a full-time employee get per year in total, counting annual leave and Focus Days?",30 days (28 annual leave + 2 Focus Days),"A full-time employee gets 30 days off per year in total, counting annual leave and Focus Days.",1,
mistral,text,q07,True,"How many days off does a full-time employee get per year in total, counting annual leave and Focus Days?",30 days (28 annual leave + 2 Focus Days),"A full-time employee gets a total of 30 days off per year, counting annual leave and Focus Days.",1,
mistral,json,q02,True,Where is Quillfeather's second engineering office located?,"Porto, Portugal","Porto, Portugal",1,
mistral,text,q02,True,Where is Quillfeather's second engineering office located?,"Porto, Portugal","Quillfeather's second engineering office is located in Porto, Portugal.",1,
mistral,schema,q02,True,Where is Quillfeather's second engineering office located?,"Porto, Portugal","Porto, Portugal",1,
mistral,text,q06,True,What are the company's core working hours?,10:00 to 15:00 CET,The company's core working hours are from 10:00 to 15:00 CET.,1,
mistral,schema,q06,True,What are the company's core working hours?,10:00 to 15:00 CET,The company's core working hours are from 10:00 to 15:00 CET.,1,
mistral,json,q06,True,What are the company's core working hours?,10:00 to 15:00 CET,The company's core working hours are from 10:00 to 15:00 CET.,1,
mistral,json,q45,True,How often is security awareness training mandatory?,Every 6 months,Security awareness training is mandatory every 6 months.,1,
mistral,text,q45,True,How often is security awareness training mandatory?,Every 6 months,Security awareness training is mandatory every 6 months.,1,
mistral,schema,q45,True,How often is security awareness training mandatory?,Every 6 months,Security awareness training is mandatory every 6 months.,1,
mistral,schema,q48,True,Who must approve an emergency fix during a deployment freeze?,The on-call incident commander,The on-call incident commander,1,
mistral,json,q48,True,Who must approve an emergency fix during a deployment freeze?,The on-call incident commander,The on-call incident commander,1,
mistral,text,q48,True,Who must approve an emergency fix during a deployment freeze?,The on-call incident commander,The emergency fix during a deployment freeze requires approval from the on-call incident commander.,1,
mistral,json,q52,False,How many days of annual leave do part-time employees receive?,Not in the document,Not found in the document.,1,
mistral,schema,q52,False,How many days of annual leave do part-time employees receive?,Not in the document,Not found in the document.,1,
mistral,text,q52,False,How many days of annual leave do part-time employees receive?,Not in the document,Not found in the document.,1,
mistral,json,q14,True,What is the maximum hotel rate per night for a business trip to Hamburg?,160 euros (standard limit),Not found in the document.,0,
mistral,schema,q14,True,What is the maximum hotel rate per night for a business trip to Hamburg?,160 euros (standard limit),Not found in the document.,0,
mistral,text,q14,True,What is the maximum hotel rate per night for a business trip to Hamburg?,160 euros (standard limit),Not found in the document.,0,
mistral,text,q53,False,What is the reimbursement rate per kilometre for business trips by private car?,Not in the document,Not found in the document.,1,
mistral,schema,q53,False,What is the reimbursement rate per kilometre for business trips by private car?,Not in the document,Not found in the document.,1,
mistral,json,q53,False,What is the reimbursement rate per kilometre for business trips by private car?,Not in the document,Not found in the document.,1,
mistral,schema,q27,True,Is a written postmortem required for a SEV3 incident?,"No, postmortems are only required for SEV1 and SEV2",Not found in the document.,0,
mistral,text,q27,True,Is a written postmortem required for a SEV3 incident?,"No, postmortems are only required for SEV1 and SEV2",Not found in the document.,0,
mistral,json,q27,True,Is a written postmortem required for a SEV3 incident?,"No, postmortems are only required for SEV1 and SEV2",Not found in the document.,0,
mistral,text,q08,True,By what date must carried-over leave days be used?,31 March,Carried-over leave days must be used by 31 March.,1,
mistral,schema,q08,True,By what date must carried-over leave days be used?,31 March,Carried-over leave days must be used by 31 March.,1,
mistral,json,q08,True,By what date must carried-over leave days be used?,31 March,Carried-over leave days must be used by 31 March.,1,
mistral,schema,q57,False,What is the notice period for resigning employees?,Not in the document,The context does not provide information about the notice period for resigning employees.,1,
mistral,json,q57,False,What is the notice period for resigning employees?,Not in the document,The context does not provide information about the notice period for resigning employees.,1,
mistral,text,q57,False,What is the notice period for resigning employees?,Not in the document,The document does not provide information about the notice period for resigning employees.,1,
mistral,json,q09,True,From which day of sickness is a doctor's certificate required?,From the 4th consecutive day,A doctor's certificate is required from the 4th consecutive day of sickness.,1,
mistral,schema,q09,True,From which day of sickness is a doctor's certificate required?,From the 4th consecutive day,A doctor's certificate is required from the 4th consecutive day of sickness.,1,
mistral,text,q09,True,From which day of sickness is a doctor's certificate required?,From the 4th consecutive day,A doctor's certificate is required from the 4th consecutive day of sickness.,1,
mistral,text,q46,True,What are the four data classification levels?,"Public, Internal, Confidential and Restricted","The four data classification levels are Public, Internal, Confidential, and Restricted.",1,
mistral,json,q46,True,What are the four data classification levels?,"Public, Internal, Confidential and Restricted","The four data classification levels are Public, Internal, Confidential, and Restricted.",1,
mistral,schema,q46,True,What are the four data classification levels?,"Public, Internal, Confidential and Restricted","The four data classification levels are Public, Internal, Confidential, and Restricted.",1,
mistral,text,q23,True,Through which service may Restricted data be shared?,Parcelvault,"Restricted data may be shared through the approved encrypted file-transfer service, Parcelvault.",1,
mistral,schema,q23,True,Through which service may Restricted data be shared?,Parcelvault,"The approved encrypted file-transfer service, Parcelvault.",1,
mistral,json,q23,True,Through which service may Restricted data be shared?,Parcelvault,"The approved encrypted file-transfer service, Parcelvault.",1,
mistral,json,q32,True,Who founded Quillfeather Robotics?,Mirela Hofstad and Tobias Veen,Quillfeather Robotics was founded by Mirela Hofstad and Tobias Veen.,1,
mistral,text,q32,True,Who founded Quillfeather Robotics?,Mirela Hofstad and Tobias Veen,Quillfeather Robotics was founded by Mirela Hofstad and Tobias Veen.,1,
mistral,schema,q32,True,Who founded Quillfeather Robotics?,Mirela Hofstad and Tobias Veen,Quillfeather Robotics was founded by Mirela Hofstad and Tobias Veen.,1,
mistral,schema,q49,True,When does the on-call handoff take place?,Every Monday at 11:00,The handoff between engineers takes place every Monday at 11:00.,1,
mistral,text,q49,True,When does the on-call handoff take place?,Every Monday at 11:00,The on-call handoff takes place every Monday at 11:00.,1,
mistral,json,q49,True,When does the on-call handoff take place?,Every Monday at 11:00,The handoff between engineers takes place every Monday at 11:00.,1,
mistral,schema,q38,True,How many days per week can employees work remotely?,Up to 3 days per week,Employees can work remotely up to 3 days per week.,1,
mistral,json,q38,True,How many days per week can employees work remotely?,Up to 3 days per week,Employees can work remotely up to 3 days per week.,1,
mistral,text,q38,True,How many days per week can employees work remotely?,Up to 3 days per week,Employees can work remotely up to 3 days per week.,1,
mistral,text,q31,True,How many people did Quillfeather employ as of January 2026?,412 people,412 people,1,
mistral,schema,q31,True,How many people did Quillfeather employ as of January 2026?,412 people,412,1,
mistral,json,q31,True,How many people did Quillfeather employ as of January 2026?,412 people,412,1,
mistral,text,q34,True,What happens to a laptop that is not enrolled in device management in time?,It loses access to internal systems automatically,Unenrolled devices lose access to internal systems automatically.,1,
mistral,json,q34,True,What happens to a laptop that is not enrolled in device management in time?,It loses access to internal systems automatically,Unenrolled devices lose access to internal systems automatically.,1,
mistral,schema,q34,True,What happens to a laptop that is not enrolled in device management in time?,It loses access to internal systems automatically,Unenrolled devices lose access to internal systems automatically.,1,
mistral,schema,q51,False,What is the name of the company's CEO?,Not in the document,Not found in the document.,1,
mistral,json,q51,False,What is the name of the company's CEO?,Not in the document,Not found in the document.,1,
mistral,text,q51,False,What is the name of the company's CEO?,Not in the document,The name of the company's CEO is not found in the document.,1,
mistral,schema,q03,True,How long does the Launchpad onboarding programme last?,21 calendar days,The Launchpad onboarding programme lasts 21 calendar days.,1,
mistral,text,q03,True,How long does the Launchpad onboarding programme last?,21 calendar days,The Launchpad onboarding programme lasts 21 calendar days.,1,
mistral,json,q03,True,How long does the Launchpad onboarding programme last?,21 calendar days,The Launchpad onboarding programme lasts 21 calendar days.,1,
mistral,json,q47,True,What minimum automated test coverage must a new service reach before its first production release?,80 percent,A new service must reach a minimum of 80 percent automated test coverage before its first production release.,1,
mistral,text,q47,True,What minimum automated test coverage must a new service reach before its first production release?,80 percent,A new service must reach a minimum of 80 percent automated test coverage before its first production release.,1,
mistral,schema,q47,True,What minimum automated test coverage must a new service reach before its first production release?,80 percent,A new service must reach a minimum of 80 percent automated test coverage before its first production release.,1,
mistral,json,q05,True,What rule applies when choosing a new hire's onboarding buddy?,The buddy always comes from a different team,The new hire's onboarding buddy comes from a different team.,1,
mistral,schema,q05,True,What rule applies when choosing a new hire's onboarding buddy?,The buddy always comes from a different team,The new hire's onboarding buddy comes from a different team.,1,
mistral,text,q05,True,What rule applies when choosing a new hire's onboarding buddy?,The buddy always comes from a different team,The onboarding buddy is always chosen from a different team than the new hire.,1,
mistral,json,q35,True,What does the company build?,Warehouse picking robots and the fleet software that coordinates them,Quillfeather Robotics designs warehouse picking robots and the fleet software that coordinates them.,1,
mistral,text,q35,True,What does the company build?,Warehouse picking robots and the fleet software that coordinates them,Quillfeather Robotics builds warehouse picking robots and the fleet software that coordinates them.,1,
mistral,schema,q35,True,What does the company build?,Warehouse picking robots and the fleet software that coordinates them,Quillfeather Robotics designs warehouse picking robots and the fleet software that coordinates them.,1,
gemma2:9b,schema,q51,False,What is the name of the company's CEO?,Not in the document,Not found in the document.,1,
gemma2:9b,json,q51,False,What is the name of the company's CEO?,Not in the document,Not found in the document.,1,
gemma2:9b,text,q51,False,What is the name of the company's CEO?,Not in the document,Not found in the document.,1,
gemma2:9b,json,q16,True,What is the daily per diem for domestic trips within Germany?,42 euros,The daily meal allowance (per diem) for domestic trips within Germany is 42 euros.,1,
gemma2:9b,schema,q16,True,What is the daily per diem for domestic trips within Germany?,42 euros,The daily meal allowance (per diem) for domestic trips within Germany is 42 euros.,1,
gemma2:9b,text,q16,True,What is the daily per diem for domestic trips within Germany?,42 euros,The daily meal allowance (per diem) for domestic trips within Germany is 42 euros.,1,
gemma2:9b,json,q01,True,In which year and city was Quillfeather Robotics founded?,2017 in Leipzig,"Quillfeather Robotics was founded in 2017 in Leipzig, Germany.",1,
gemma2:9b,schema,q01,True,In which year and city was Quillfeather Robotics founded?,2017 in Leipzig,"Quillfeather Robotics was founded in 2017 in Leipzig, Germany.",1,
gemma2:9b,text,q01,True,In which year and city was Quillfeather Robotics founded?,2017 in Leipzig,Quillfeather Robotics was founded in 2017 in Leipzig.,1,
gemma2:9b,text,q35,True,What does the company build?,Warehouse picking robots and the fleet software that coordinates them,Quillfeather Robotics designs warehouse picking robots and the fleet software that coordinates them.,1,
gemma2:9b,json,q35,True,What does the company build?,Warehouse picking robots and the fleet software that coordinates them,Quillfeather Robotics designs warehouse picking robots and the fleet software that coordinates them.,1,
gemma2:9b,schema,q35,True,What does the company build?,Warehouse picking robots and the fleet software that coordinates them,Quillfeather Robotics designs warehouse picking robots and the fleet software that coordinates them.,1,
gemma2:9b,schema,q31,True,How many people did Quillfeather employ as of January 2026?,412 people,412,1,
gemma2:9b,text,q31,True,How many people did Quillfeather employ as of January 2026?,412 people,Quillfeather employed 412 people as of January 2026.,1,
gemma2:9b,json,q31,True,How many people did Quillfeather employ as of January 2026?,412 people,412,1,
gemma2:9b,json,q45,True,How often is security awareness training mandatory?,Every 6 months,Security awareness training is mandatory every 6 months.,1,
gemma2:9b,schema,q45,True,How often is security awareness training mandatory?,Every 6 months,Security awareness training is mandatory every 6 months.,1,
gemma2:9b,text,q45,True,How often is security awareness training mandatory?,Every 6 months,Security awareness training is mandatory every 6 months.,1,
gemma2:9b,schema,q34,True,What happens to a laptop that is not enrolled in device management in time?,It loses access to internal systems automatically,Unenrolled devices lose access to internal systems automatically.,1,
gemma2:9b,text,q34,True,What happens to a laptop that is not enrolled in device management in time?,It loses access to internal systems automatically,Unenrolled devices lose access to internal systems automatically.,1,
gemma2:9b,json,q34,True,What happens to a laptop that is not enrolled in device management in time?,It loses access to internal systems automatically,Unenrolled devices lose access to internal systems automatically.,1,
gemma2:9b,text,q57,False,What is the notice period for resigning employees?,Not in the document,Not found in the document.,1,
gemma2:9b,json,q57,False,What is the notice period for resigning employees?,Not in the document,Not found in the document.,1,
gemma2:9b,schema,q57,False,What is the notice period for resigning employees?,Not in the document,Not found in the document.,1,
gemma2:9b,text,q41,True,A trip by rail would take 4 hours. Which mode of travel is preferred?,Train travel,Train travel is the preferred mode for any trip that takes less than 5 hours by rail.,1,
gemma2:9b,schema,q41,True,A trip by rail would take 4 hours. Which mode of travel is preferred?,Train travel,Train travel is the preferred mode for any trip that takes less than 5 hours by rail.,1,
gemma2:9b,json,q41,True,A trip by rail would take 4 hours. Which mode of travel is preferred?,Train travel,Train travel is the preferred mode for any trip that takes less than 5 hours by rail.,1,
gemma2:9b,text,q32,True,Who founded Quillfeather Robotics?,Mirela Hofstad and Tobias Veen,Mirela Hofstad and Tobias Veen.,1,
gemma2:9b,json,q32,True,Who founded Quillfeather Robotics?,Mirela Hofstad and Tobias Veen,Mirela Hofstad and Tobias Veen,1,
gemma2:9b,schema,q32,True,Who founded Quillfeather Robotics?,Mirela Hofstad and Tobias Veen,Mirela Hofstad and Tobias Veen,1,
gemma2:9b,text,q20,True,"Which extension should be called to report a lost laptop, and how quickly?","Extension 4400, within 1 hour",Call internal extension 4400 within 1 hour.,1,
gemma2:9b,schema,q20,True,"Which extension should be called to report a lost laptop, and how quickly?","Extension 4400, within 1 hour",Internal extension 4400 should be called within 1 hour.,1,
gemma2:9b,json,q20,True,"Which extension should be called to report a lost laptop, and how quickly?","Extension 4400, within 1 hour",Internal extension 4400 should be called within 1 hour.,1,
gemma2:9b,text,q15,True,An employee has a 7-hour flight. Which cabin class may they book?,Premium economy,Premium economy.,1,
gemma2:9b,schema,q15,True,An employee has a 7-hour flight. Which cabin class may they book?,Premium economy,Premium economy,1,
gemma2:9b,json,q15,True,An employee has a 7-hour flight. Which cabin class may they book?,Premium economy,Premium economy,1,
gemma2:9b,schema,q03,True,How long does the Launchpad onboarding programme last?,21 calendar days,21 calendar days,1,
gemma2:9b,json,q03,True,How long does the Launchpad onboarding programme last?,21 calendar days,21 calendar days,1,
gemma2:9b,text,q03,True,How long does the Launchpad onboarding programme last?,21 calendar days,The Launchpad onboarding programme lasts 21 calendar days.,1,
gemma2:9b,schema,q27,True,Is a written postmortem required for a SEV3 incident?,"No, postmortems are only required for SEV1 and SEV2",Not found in the document.,0,
gemma2:9b,json,q27,True,Is a written postmortem required for a SEV3 incident?,"No, postmortems are only required for SEV1 and SEV2",Not found in the document.,0,
gemma2:9b,text,q27,True,Is a written postmortem required for a SEV3 incident?,"No, postmortems are only required for SEV1 and SEV2",Not found in the document.,0,
gemma2:9b,json,q12,True,Above what amount is an itemised receipt required?,25 euros,25 euros,1,
gemma2:9b,text,q12,True,Above what amount is an itemised receipt required?,25 euros,25 euros,1,
gemma2:9b,schema,q12,True,Above what amount is an itemised receipt required?,25 euros,25 euros,1,
gemma2:9b,schema,q43,True,Who is eligible for a corporate credit card?,Employees who travel more than 6 times per year,Employees who travel more than 6 times per year.,1,
gemma2:9b,text,q43,True,Who is eligible for a corporate credit card?,Employees who travel more than 6 times per year,Employees who travel more than 6 times per year are eligible for a corporate credit card.,1,
gemma2:9b,json,q43,True,Who is eligible for a corporate credit card?,Employees who travel more than 6 times per year,Employees who travel more than 6 times per year.,1,
gemma2:9b,json,q59,False,How many employees work in the Porto office?,Not in the document,Not found in the document.,1,
gemma2:9b,text,q59,False,How many employees work in the Porto office?,Not in the document,Not found in the document.,1,
gemma2:9b,schema,q59,False,How many employees work in the Porto office?,Not in the document,Not found in the document.,1,
gemma2:9b,json,q48,True,Who must approve an emergency fix during a deployment freeze?,The on-call incident commander,The on-call incident commander.,1,
gemma2:9b,schema,q48,True,Who must approve an emergency fix during a deployment freeze?,The on-call incident commander,The on-call incident commander.,1,
gemma2:9b,text,q48,True,Who must approve an emergency fix during a deployment freeze?,The on-call incident commander,The on-call incident commander must approve an emergency fix during a deployment freeze.,1,
gemma2:9b,text,q06,True,What are the company's core working hours?,10:00 to 15:00 CET,Quillfeather's core working hours are from 10:00 to 15:00 CET.,1,
gemma2:9b,schema,q06,True,What are the company's core working hours?,10:00 to 15:00 CET,Quillfeather's core working hours are from 10:00 to 15:00 CET.,1,
gemma2:9b,json,q06,True,What are the company's core working hours?,10:00 to 15:00 CET,Quillfeather's core working hours are from 10:00 to 15:00 CET.,1,
gemma2:9b,schema,q54,False,What is the response-time target for a SEV3 incident?,Not in the document,Not found in the document.,1,
gemma2:9b,json,q54,False,What is the response-time target for a SEV3 incident?,Not in the document,Not found in the document.,1,
gemma2:9b,text,q54,False,What is the response-time target for a SEV3 incident?,Not in the document,Not found in the document.,1,
gemma2:9b,json,q04,True,Within how many hours must a newly issued laptop be enrolled in device management?,48 hours,48 hours,1,
gemma2:9b,text,q04,True,Within how many hours must a newly issued laptop be enrolled in device management?,48 hours,48 hours.,1,
gemma2:9b,schema,q04,True,Within how many hours must a newly issued laptop be enrolled in device management?,48 hours,48 hours,1,
gemma2:9b,schema,q11,True,"What tool is used to submit business expenses, and within how many days?","Ledgerline, within 30 days",Business expenses are submitted through the Ledgerline expense tool within 30 days of the purchase.,1,
gemma2:9b,json,q11,True,"What tool is used to submit business expenses, and within how many days?","Ledgerline, within 30 days",Business expenses are submitted through the Ledgerline expense tool within 30 days of the purchase.,1,
gemma2:9b,text,q11,True,"What tool is used to submit business expenses, and within how many days?","Ledgerline, within 30 days",Business expenses are submitted through the Ledgerline expense tool.,0,
gemma2:9b,schema,q44,True,What second factor may non-engineering staff use?,An authenticator app,An authenticator app,1,
gemma2:9b,text,q44,True,What second factor may non-engineering staff use?,An authenticator app,An authenticator app.,1,
gemma2:9b,json,q44,True,What second factor may non-engineering staff use?,An authenticator app,An authenticator app,1,
gemma2:9b,text,q42,True,How are international per diems determined?,They follow the official government rates for the destination country,International per diems follow the official government rates for the destination country.,1,
gemma2:9b,json,q42,True,How are international per diems determined?,They follow the official government rates for the destination country,International per diems follow the official government rates for the destination country.,1,
gemma2:9b,schema,q42,True,How are international per diems determined?,They follow the official government rates for the destination country,International per diems follow the official government rates for the destination country.,1,
gemma2:9b,text,q52,False,How many days of annual leave do part-time employees receive?,Not in the document,Not found in the document.,1,
gemma2:9b,schema,q52,False,How many days of annual leave do part-time employees receive?,Not in the document,Not found in the document.,1,
gemma2:9b,json,q52,False,How many days of annual leave do part-time employees receive?,Not in the document,Not found in the document.,1,
gemma2:9b,json,q28,True,How much is the weekly on-call allowance?,300 euros per week,Engineers on call receive an on-call allowance of 300 euros per week.,1,
gemma2:9b,text,q28,True,How much is the weekly on-call allowance?,300 euros per week,Engineers on call receive an on-call allowance of 300 euros per week.,1,
gemma2:9b,schema,q28,True,How much is the weekly on-call allowance?,300 euros per week,Engineers on call receive an on-call allowance of 300 euros per week.,1,
gemma2:9b,json,q55,False,How much is the monthly allowance for home-office equipment?,Not in the document,Not found in the document.,1,
gemma2:9b,text,q55,False,How much is the monthly allowance for home-office equipment?,Not in the document,Not found in the document.,1,
gemma2:9b,schema,q55,False,How much is the monthly allowance for home-office equipment?,Not in the document,Not found in the document.,1,
gemma2:9b,text,q23,True,Through which service may Restricted data be shared?,Parcelvault,Parcelvault,1,
gemma2:9b,schema,q23,True,Through which service may Restricted data be shared?,Parcelvault,Parcelvault,1,
gemma2:9b,json,q23,True,Through which service may Restricted data be shared?,Parcelvault,Parcelvault,1,
gemma2:9b,json,q17,True,Which purchases need director approval?,"Any trip or purchase with an expected total cost above 2,000 euros","Any single trip or purchase with an expected total cost above 2,000 euros requires written approval from a director before booking.",1,
gemma2:9b,schema,q17,True,Which purchases need director approval?,"Any trip or purchase with an expected total cost above 2,000 euros","Any single trip or purchase with an expected total cost above 2,000 euros requires written approval from a director before booking.",1,
gemma2:9b,text,q17,True,Which purchases need director approval?,"Any trip or purchase with an expected total cost above 2,000 euros","Any single trip or purchase with an expected total cost above 2,000 euros.",1,
gemma2:9b,text,q33,True,What does a new hire do at the end of the Launchpad programme?,A short demo presenting one improvement they would make to an internal tool,They present one improvement they would make to an internal tool.,1,
gemma2:9b,schema,q33,True,What does a new hire do at the end of the Launchpad programme?,A short demo presenting one improvement they would make to an internal tool,They present one improvement they would make to an internal tool.,1,
gemma2:9b,json,q33,True,What does a new hire do at the end of the Launchpad programme?,A short demo presenting one improvement they would make to an internal tool,A new hire presents one improvement they would make to an internal tool.,1,
gemma2:9b,json,q58,False,What is the dress code at the Leipzig office?,Not in the document,Not found in the document.,1,
gemma2:9b,text,q58,False,What is the dress code at the Leipzig office?,Not in the document,Not found in the document.,1,
gemma2:9b,schema,q58,False,What is the dress code at the Leipzig office?,Not in the document,Not found in the document.,1,
gemma2:9b,text,q07,True,"How many days off does a full-time employee get per year in total, counting annual leave and Focus Days?",30 days (28 annual leave + 2 Focus Days),A full-time employee gets 30 days off per year.,1,
gemma2:9b,json,q07,True,"How many days off does a full-time employee get per year in total, counting annual leave and Focus Days?",30 days (28 annual leave + 2 Focus Days),30 days,1,
gemma2:9b,schema,q07,True,"How many days off does a full-time employee get per year in total, counting annual leave and Focus Days?",30 days (28 annual leave + 2 Focus Days),30 days,1,
gemma2:9b,schema,q05,True,What rule applies when choosing a new hire's onboarding buddy?,The buddy always comes from a different team,The onboarding buddy always comes from a different team.,1,
gemma2:9b,text,q05,True,What rule applies when choosing a new hire's onboarding buddy?,The buddy always comes from a different team,The onboarding buddy always comes from a different team.,1,
gemma2:9b,json,q05,True,What rule applies when choosing a new hire's onboarding buddy?,The buddy always comes from a different team,The onboarding buddy always comes from a different team.,1,
gemma2:9b,json,q14,True,What is the maximum hotel rate per night for a business trip to Hamburg?,160 euros (standard limit),Not found in the document.,0,
gemma2:9b,schema,q14,True,What is the maximum hotel rate per night for a business trip to Hamburg?,160 euros (standard limit),Not found in the document.,0,
gemma2:9b,text,q14,True,What is the maximum hotel rate per night for a business trip to Hamburg?,160 euros (standard limit),Not found in the document.,0,
gemma2:9b,schema,q21,True,How often is the phishing simulation run?,Once per quarter,Once per quarter.,1,
gemma2:9b,text,q21,True,How often is the phishing simulation run?,Once per quarter,Once per quarter.,1,
gemma2:9b,json,q21,True,How often is the phishing simulation run?,Once per quarter,The security team runs a phishing simulation once per quarter.,1,
gemma2:9b,text,q13,True,What is the maximum hotel rate per night for a business trip to Zurich?,220 euros,220 euros,1,
gemma2:9b,schema,q13,True,What is the maximum hotel rate per night for a business trip to Zurich?,220 euros,220 euros,1,
gemma2:9b,json,q13,True,What is the maximum hotel rate per night for a business trip to Zurich?,220 euros,220 euros,1,
gemma2:9b,text,q50,True,Up to what percentage of gross salary does Quillfeather match pension contributions?,Up to 4 percent,Quillfeather matches employee pension contributions up to 4 percent of gross salary.,1,
gemma2:9b,json,q50,True,Up to what percentage of gross salary does Quillfeather match pension contributions?,Up to 4 percent,Quillfeather matches employee contributions up to 4 percent of gross salary.,1,
gemma2:9b,schema,q50,True,Up to what percentage of gross salary does Quillfeather match pension contributions?,Up to 4 percent,Quillfeather matches employee contributions up to 4 percent of gross salary.,1,
gemma2:9b,json,q08,True,By what date must carried-over leave days be used?,31 March,Carried-over leave days must be used by 31 March.,1,
gemma2:9b,text,q08,True,By what date must carried-over leave days be used?,31 March,Carried-over leave days must be used by 31 March.,1,
gemma2:9b,schema,q08,True,By what date must carried-over leave days be used?,31 March,Carried-over leave days must be used by 31 March.,1,
gemma2:9b,text,q25,True,When are production deployments frozen?,Fridays after 14:00 and the last two weeks of December,Production deployments are frozen on Fridays after 14:00 and during the last two weeks of December.,1,
gemma2:9b,schema,q25,True,When are production deployments frozen?,Fridays after 14:00 and the last two weeks of December,Production deployments are frozen on Fridays after 14:00 and during the last two weeks of December.,1,
gemma2:9b,json,q25,True,When are production deployments frozen?,Fridays after 14:00 and the last two weeks of December,Production deployments are frozen on Fridays after 14:00 and during the last two weeks of December.,1,
gemma2:9b,text,q53,False,What is the reimbursement rate per kilometre for business trips by private car?,Not in the document,Not found in the document.,1,
gemma2:9b,json,q53,False,What is the reimbursement rate per kilometre for business trips by private car?,Not in the document,Not found in the document.,1,
gemma2:9b,schema,q53,False,What is the reimbursement rate per kilometre for business trips by private car?,Not in the document,Not found in the document.,1,
gemma2:9b,json,q40,True,Can Focus Days be combined with public holidays?,"No, they cannot be combined with public holidays","No, Focus Days cannot be combined with public holidays.",1,
gemma2:9b,text,q40,True,Can Focus Days be combined with public holidays?,"No, they cannot be combined with public holidays","No, Focus Days cannot be combined with public holidays.",1,
gemma2:9b,schema,q40,True,Can Focus Days be combined with public holidays?,"No, they cannot be combined with public holidays","No, Focus Days cannot be combined with public holidays.",1,
gemma2:9b,schema,q26,True,Within how many minutes must the on-call engineer respond to a SEV1 incident?,15 minutes,15 minutes,1,
gemma2:9b,text,q26,True,Within how many minutes must the on-call engineer respond to a SEV1 incident?,15 minutes,15 minutes.,1,
gemma2:9b,json,q26,True,Within how many minutes must the on-call engineer respond to a SEV1 incident?,15 minutes,15 minutes,1,
gemma2:9b,schema,q30,True,In which months does the Featherfest hackathon take place?,May and November,May and November,1,
gemma2:9b,text,q30,True,In which months does the Featherfest hackathon take place?,May and November,Featherfest takes place in May and November.,1,
gemma2:9b,json,q30,True,In which months does the Featherfest hackathon take place?,May and November,May and November,1,
gemma2:9b,json,q22,True,What second factor must engineering staff use?,Hardware security keys,Hardware security keys,1,
gemma2:9b,schema,q22,True,What second factor must engineering staff use?,Hardware security keys,Hardware security keys,1,
gemma2:9b,text,q22,True,What second factor must engineering staff use?,Hardware security keys,Hardware security keys,1,
gemma2:9b,schema,q10,True,How many Work-From-Anywhere days can an employee use per year?,20 days,An employee may use up to 20 Work-From-Anywhere days per year.,1,
gemma2:9b,json,q10,True,How many Work-From-Anywhere days can an employee use per year?,20 days,An employee may use up to 20 Work-From-Anywhere days per year.,1,
gemma2:9b,text,q10,True,How many Work-From-Anywhere days can an employee use per year?,20 days,An employee may use up to 20 Work-From-Anywhere days per year.,1,
gemma2:9b,json,q36,True,How many unused annual-leave days can be carried over into the next year?,Up to 5 days,Up to 5,1,
gemma2:9b,text,q36,True,How many unused annual-leave days can be carried over into the next year?,Up to 5 days,Up to 5,1,
gemma2:9b,schema,q36,True,How many unused annual-leave days can be carried over into the next year?,Up to 5 days,Up to 5,1,
gemma2:9b,json,q37,True,By what time must an employee notify their manager on the first day of sickness?,Before 09:30,Before 09:30,1,
gemma2:9b,schema,q37,True,By what time must an employee notify their manager on the first day of sickness?,Before 09:30,Before 09:30,1,
gemma2:9b,text,q37,True,By what time must an employee notify their manager on the first day of sickness?,Before 09:30,Before 09:30.,1,
gemma2:9b,schema,q46,True,What are the four data classification levels?,"Public, Internal, Confidential and Restricted","Public, Internal, Confidential and Restricted.",1,
gemma2:9b,text,q46,True,What are the four data classification levels?,"Public, Internal, Confidential and Restricted","Public, Internal, Confidential and Restricted.",1,
gemma2:9b,json,q46,True,What are the four data classification levels?,"Public, Internal, Confidential and Restricted","Public, Internal, Confidential and Restricted",1,
gemma2:9b,schema,q60,False,What is the maximum budget for a team offsite event?,Not in the document,Not found in the document.,1,
gemma2:9b,text,q60,False,What is the maximum budget for a team offsite event?,Not in the document,Not found in the document.,1,
gemma2:9b,json,q60,False,What is the maximum budget for a team offsite event?,Not in the document,Not found in the document.,1,
gemma2:9b,schema,q49,True,When does the on-call handoff take place?,Every Monday at 11:00,Every Monday at 11:00.,1,
gemma2:9b,json,q49,True,When does the on-call handoff take place?,Every Monday at 11:00,Every Monday at 11:00.,1,
gemma2:9b,text,q49,True,When does the on-call handoff take place?,Every Monday at 11:00,Every Monday at 11:00.,1,
gemma2:9b,text,q56,False,Which cloud provider does Quillfeather use for its fleet software?,Not in the document,Not found in the document.,1,
gemma2:9b,schema,q56,False,Which cloud provider does Quillfeather use for its fleet software?,Not in the document,Not found in the document.,1,
gemma2:9b,json,q56,False,Which cloud provider does Quillfeather use for its fleet software?,Not in the document,Not found in the document.,1,
gemma2:9b,json,q18,True,What is the minimum password length?,14 characters,At least 14 characters long,1,
gemma2:9b,text,q18,True,What is the minimum password length?,14 characters,All passwords must be at least 14 characters long.,1,
gemma2:9b,schema,q18,True,What is the minimum password length?,14 characters,At least 14 characters long,1,
gemma2:9b,schema,q39,True,"To what percentage of salary does the company top up parental-leave pay, and for how long?",80 percent for up to 14 weeks,The company tops up parental-leave pay to 80 percent of salary for up to 14 weeks.,1,
gemma2:9b,text,q39,True,"To what percentage of salary does the company top up parental-leave pay, and for how long?",80 percent for up to 14 weeks,The company tops up parental-leave pay to 80 percent of salary for up to 14 weeks.,1,
gemma2:9b,json,q39,True,"To what percentage of salary does the company top up parental-leave pay, and for how long?",80 percent for up to 14 weeks,The company tops up parental-leave pay to 80 percent of salary for up to 14 weeks.,1,
gemma2:9b,json,q19,True,What is the name of the company password manager?,KeyHarbor,KeyHarbor,1,
gemma2:9b,text,q19,True,What is the name of the company password manager?,KeyHarbor,KeyHarbor,1,
gemma2:9b,schema,q19,True,What is the name of the company password manager?,KeyHarbor,KeyHarbor,1,
gemma2:9b,text,q38,True,How many days per week can employees work remotely?,Up to 3 days per week,Employees may work remotely up to 3 days per week.,1,
gemma2:9b,schema,q38,True,How many days per week can employees work remotely?,Up to 3 days per week,Employees may work remotely up to 3 days per week.,1,
gemma2:9b,json,q38,True,How many days per week can employees work remotely?,Up to 3 days per week,Up to 3 days per week.,1,
gemma2:9b,json,q29,True,Do German language courses count against the annual learning budget?,"No, they are covered at 100 percent and do not count against the budget","No, German language courses are covered at 100 percent and do not count against the learning budget.",1,
gemma2:9b,text,q29,True,Do German language courses count against the annual learning budget?,"No, they are covered at 100 percent and do not count against the budget","No, German language courses are covered at 100 percent and do not count against the learning budget.",1,
gemma2:9b,schema,q29,True,Do German language courses count against the annual learning budget?,"No, they are covered at 100 percent and do not count against the budget","No, German language courses are covered at 100 percent and do not count against the learning budget.",1,
gemma2:9b,text,q09,True,From which day of sickness is a doctor's certificate required?,From the 4th consecutive day,From the 4th consecutive day of sickness.,1,
gemma2:9b,json,q09,True,From which day of sickness is a doctor's certificate required?,From the 4th consecutive day,From the 4th consecutive day of sickness.,1,
gemma2:9b,schema,q09,True,From which day of sickness is a doctor's certificate required?,From the 4th consecutive day,From the 4th consecutive day of sickness.,1,
gemma2:9b,schema,q24,True,How many approving reviews are required to merge into the main branch of a firmware repository?,At least 2,At least 2 approving code reviews.,1,
gemma2:9b,json,q24,True,How many approving reviews are required to merge into the main branch of a firmware repository?,At least 2,At least 2 approving code reviews.,1,
gemma2:9b,text,q24,True,How many approving reviews are required to merge into the main branch of a firmware repository?,At least 2,At least 2 approving code reviews.,1,
gemma2:9b,json,q47,True,What minimum automated test coverage must a new service reach before its first production release?,80 percent,80 percent,1,
gemma2:9b,text,q47,True,What minimum automated test coverage must a new service reach before its first production release?,80 percent,A new service must reach a minimum of 80 percent automated test coverage.,1,
gemma2:9b,schema,q47,True,What minimum automated test coverage must a new service reach before its first production release?,80 percent,80 percent,1,
gemma2:9b,schema,q02,True,Where is Quillfeather's second engineering office located?,"Porto, Portugal","Porto, Portugal",1,
gemma2:9b,text,q02,True,Where is Quillfeather's second engineering office located?,"Porto, Portugal","Porto, Portugal.",1,
gemma2:9b,json,q02,True,Where is Quillfeather's second engineering office located?,"Porto, Portugal","Porto, Portugal",1,
