model,qid,difficulty,question,expected_answer,expected_page,answer,source_page,confidence,auto_correct,page_correct,manual_correct,latency_s,first_call_s,attempts,first_attempt_valid,final_valid,output_tokens,tokens_per_s,peak_rss_gb,baseline_rss_gb,model_ram_gb,ollama_ps_size_gb,ollama_ps_vram_gb,load_s,error
phi3,q01,easy,In which year and city was Quillfeather Robotics founded?,2017 in Leipzig,1,"Quillfeather Robotics was founded in 2017 in Leipzig, Germany.",1,1.0,1,1,,21.554,21.532,1,1,1,50,57.8,0.046,0.039,0.007,3.537,3.537,61.83,
phi3,q02,easy,Where is Quillfeather's second engineering office located?,"Porto, Portugal",1,"Porto, Portugal",6,1.0,1,0,,0.832,0.817,1,1,1,35,59.4,0.04,0.039,0.001,3.537,3.537,61.83,
phi3,q03,easy,How long does the Launchpad onboarding programme last?,21 calendar days,1,21 calendar days,1,1.0,1,1,,1.019,0.984,1,1,1,35,69.1,0.04,0.039,0.001,3.537,3.537,61.83,
phi3,q04,easy,Within how many hours must a newly issued laptop be enrolled in device management?,48 hours,1,Within 48 hours,1,1.0,1,1,,1.148,1.133,1,1,1,37,70.6,0.04,0.039,0.001,3.537,3.537,61.83,
phi3,q05,medium,What rule applies when choosing a new hire's onboarding buddy?,The buddy always comes from a different team,1,An onboarding buddy must always come from a different team.,1,1.0,1,1,,1.042,1.031,1,1,1,44,69.9,0.04,0.039,0.001,3.537,3.537,61.83,
phi3,q06,easy,What are the company's core working hours?,10:00 to 15:00 CET,2,10:00 to 15:00 CET,2,1.0,1,1,,1.002,0.978,1,1,1,45,70.6,0.04,0.039,0.001,3.537,3.537,61.83,
phi3,q07,hard,"How many days off does a full-time employee get per year in total, counting annual leave and Focus Days?",30 days (28 annual leave + 2 Focus Days),2,33 days,2,1.0,0,1,,9.838,9.823,1,1,1,34,71.5,0.04,0.039,0.001,3.537,3.537,61.83,
phi3,q08,easy,By what date must carried-over leave days be used?,31 March,2,By 31 March,2,1.0,1,1,,0.898,0.88,1,1,1,36,68.8,0.04,0.039,0.001,3.537,3.537,61.83,
phi3,q09,medium,From which day of sickness is a doctor's certificate required?,From the 4th consecutive day,2,From the 4th consecutive day of sickness.,2,1.0,1,1,,1.083,1.068,1,1,1,41,70.3,0.041,0.039,0.001,3.537,3.537,61.83,
phi3,q10,easy,How many Work-From-Anywhere days can an employee use per year?,20 days,2,20,2,1.0,1,1,,0.88,0.865,1,1,1,33,70.4,0.033,0.039,0.0,3.537,3.537,61.83,
phi3,q11,medium,"What tool is used to submit business expenses, and within how many days?","Ledgerline, within 30 days",3,"Ledgerline expense tool, within 30 days",3,1.0,1,1,,1.244,1.218,1,1,1,44,59.6,0.033,0.039,0.0,3.537,3.537,61.83,
phi3,q12,easy,Above what amount is an itemised receipt required?,25 euros,3,25 euros,3,1.0,1,1,,1.01,0.994,1,1,1,35,69.9,0.033,0.039,0.0,3.537,3.537,61.83,
phi3,q13,medium,What is the maximum hotel rate per night for a business trip to Zurich?,220 euros,3,220 euros,5,1.0,1,0,,0.558,0.54,1,1,1,36,73.9,0.027,0.039,0.0,3.537,3.537,61.83,
phi3,q14,hard,What is the maximum hotel rate per night for a business trip to Hamburg?,160 euros (standard limit),3,Not found in the document.,0,0.0,0,0,,0.543,0.527,1,1,1,36,73.8,0.027,0.039,0.0,3.537,3.537,61.83,
phi3,q15,hard,An employee has a 7-hour flight. Which cabin class may they book?,Premium economy,3,Premium economy,3,1.0,1,1,,1.046,1.031,1,1,1,35,68.0,0.027,0.039,0.0,3.537,3.537,61.83,
phi3,q16,easy,What is the daily per diem for domestic trips within Germany?,42 euros,3,42 euros,1,1.0,1,0,,1.189,1.173,1,1,1,35,74.7,0.027,0.039,0.0,3.537,3.537,61.83,
phi3,q17,medium,Which purchases need director approval?,"Any trip or purchase with an expected total cost above 2,000 euros",3,"Purchases with an expected total cost above 2,000 euros",5,1.0,1,0,,1.144,1.128,1,1,1,48,47.6,0.027,0.039,0.0,3.537,3.537,61.83,
phi3,q18,easy,What is the minimum password length?,14 characters,4,14 characters,4,1.0,1,1,,1.125,1.107,1,1,1,34,57.5,0.027,0.039,0.0,3.537,3.537,61.83,
phi3,q19,easy,What is the name of the company password manager?,KeyHarbor,4,KeyHarbor,4,1.0,1,1,,1.003,0.988,1,1,1,34,67.6,0.024,0.039,0.0,3.537,3.537,61.83,
phi3,q20,medium,"Which extension should be called to report a lost laptop, and how quickly?","Extension 4400, within 1 hour",4,Call internal extension 4400 within 1 hour,0,1.0,1,0,,0.911,0.897,1,1,1,43,69.8,0.024,0.039,0.0,3.537,3.537,61.83,
phi3,q21,medium,How often is the phishing simulation run?,Once per quarter,4,Once per quarter,4,1.0,1,1,,0.839,0.823,1,1,1,34,67.7,0.024,0.039,0.0,3.537,3.537,61.83,
phi3,q22,medium,What second factor must engineering staff use?,Hardware security keys,4,Hardware security keys,4,1.0,1,1,,0.878,0.861,1,1,1,36,57.0,0.024,0.039,0.0,3.537,3.537,61.83,
phi3,q23,medium,Through which service may Restricted data be shared?,Parcelvault,4,Parcelvault,4,1.0,1,1,,1.549,1.534,1,1,1,35,64.4,0.024,0.039,0.0,3.537,3.537,61.83,
phi3,q24,medium,How many approving reviews are required to merge into the main branch of a firmware repository?,At least 2,5,At least 2 approving code reviews,5,1.0,1,1,,1.407,1.39,1,1,1,39,48.7,0.021,0.039,0.0,3.537,3.537,61.83,
phi3,q25,medium,When are production deployments frozen?,Fridays after 14:00 and the last two weeks of December,5,Production deployments are frozen on Fridays after 14:00 and during the last two weeks of December.,5,1.0,1,1,,1.066,1.049,1,1,1,56,73.8,0.021,0.039,0.0,3.537,3.537,61.83,
phi3,q26,easy,Within how many minutes must the on-call engineer respond to a SEV1 incident?,15 minutes,5,Within 15 minutes,5,1.0,1,1,,0.698,0.684,1,1,1,37,69.0,0.021,0.039,0.0,3.537,3.537,61.83,
phi3,q27,hard,Is a written postmortem required for a SEV3 incident?,"No, postmortems are only required for SEV1 and SEV2",5,Not found in the document.,0,0.95,0,0,,1.642,1.624,1,1,1,39,30.3,0.021,0.039,0.0,3.537,3.537,61.83,
phi3,q28,easy,How much is the weekly on-call allowance?,300 euros per week,5,300 euros,5,1.0,1,1,,1.6,1.585,1,1,1,36,24.5,0.021,0.039,0.0,3.537,3.537,61.83,
phi3,q29,hard,Do German language courses count against the annual learning budget?,"No, they are covered at 100 percent and do not count against the budget",6,"No, German language courses do not count against the annual learning budget.",6,1.0,1,1,,2.112,2.097,1,1,1,44,36.9,0.021,0.039,0.0,3.537,3.537,61.83,
phi3,q30,easy,In which months does the Featherfest hackathon take place?,May and November,6,May and November,6,1.0,1,1,,1.144,1.131,1,1,1,34,53.3,0.021,0.039,0.0,3.537,3.537,61.83,
mistral,q01,easy,In which year and city was Quillfeather Robotics founded?,2017 in Leipzig,1,"Quillfeather Robotics was founded in 2017 in Leipzig, Germany.",1,1.0,1,1,,1.519,1.505,1,1,1,43,42.7,0.034,0.023,0.011,4.611,4.611,67.06,
mistral,q02,easy,Where is Quillfeather's second engineering office located?,"Porto, Portugal",1,"Porto, Portugal",1,1.0,1,1,,1.125,1.114,1,1,1,27,35.2,0.034,0.023,0.011,4.611,4.611,67.06,
mistral,q03,easy,How long does the Launchpad onboarding programme last?,21 calendar days,1,21 calendar days,1,1.0,1,1,,1.43,1.416,1,1,1,27,36.4,0.034,0.023,0.011,4.611,4.611,67.06,
mistral,q04,easy,Within how many hours must a newly issued laptop be enrolled in device management?,48 hours,1,Within 48 hours,1,1.0,1,1,,1.514,1.499,1,1,1,29,37.2,0.034,0.023,0.011,4.611,4.611,67.06,
mistral,q05,medium,What rule applies when choosing a new hire's onboarding buddy?,The buddy always comes from a different team,1,Newcomers build connections outside their own department by being assigned an onboarding buddy who always comes from a different team.,1,1.0,1,1,,1.686,1.672,1,1,1,47,37.1,0.034,0.023,0.011,4.611,4.611,67.06,
mistral,q06,easy,What are the company's core working hours?,10:00 to 15:00 CET,2,Core working hours are from 10:00 to 15:00 CET.,2,1.0,1,1,,1.824,1.791,1,1,1,43,36.6,0.034,0.023,0.011,4.611,4.611,67.06,
mistral,q07,hard,"How many days off does a full-time employee get per year in total, counting annual leave and Focus Days?",30 days (28 annual leave + 2 Focus Days),2,28 days of annual leave + 2 Focus Days = 30 days off,2,1.0,1,1,,12.864,12.847,1,1,1,40,43.8,0.034,0.023,0.011,4.611,4.611,67.06,
mistral,q08,easy,By what date must carried-over leave days be used?,31 March,2,31 March,2,1.0,1,1,,1.145,1.123,1,1,1,26,37.4,0.034,0.023,0.011,4.611,4.611,67.06,
mistral,q09,medium,From which day of sickness is a doctor's certificate required?,From the 4th consecutive day,2,A doctor's certificate is required from the 4th consecutive day of sickness.,2,1.0,1,1,,1.523,1.51,1,1,1,40,36.7,0.034,0.023,0.012,4.611,4.611,67.06,
mistral,q10,easy,How many Work-From-Anywhere days can an employee use per year?,20 days,2,20,2,1.0,1,1,,1.212,1.199,1,1,1,25,37.1,0.034,0.023,0.012,4.611,4.611,67.06,
mistral,q11,medium,"What tool is used to submit business expenses, and within how many days?","Ledgerline, within 30 days",3,The Ledgerline expense tool,3,1.0,0,1,,1.815,1.799,1,1,1,29,36.2,0.035,0.023,0.012,4.611,4.611,67.06,
mistral,q12,easy,Above what amount is an itemised receipt required?,25 euros,3,An itemised receipt is required for expenses above 25 euros.,3,1.0,1,1,,1.705,1.69,1,1,1,38,34.4,0.035,0.023,0.012,4.611,4.611,67.06,
mistral,q13,medium,What is the maximum hotel rate per night for a business trip to Zurich?,220 euros,3,220 euros,3,1.0,1,1,,0.957,0.944,1,1,1,28,32.7,0.035,0.023,0.012,4.611,4.611,67.06,
mistral,q14,hard,What is the maximum hotel rate per night for a business trip to Hamburg?,160 euros (standard limit),3,Not found in the document.,0,0.5,0,0,,1.024,1.01,1,1,1,28,29.9,0.035,0.023,0.012,4.611,4.611,67.06,
mistral,q15,hard,An employee has a 7-hour flight. Which cabin class may they book?,Premium economy,3,Flights of 6 hours or longer may be booked in premium economy.,3,1.0,1,1,,2.3,2.283,1,1,1,38,30.9,0.035,0.023,0.012,4.611,4.611,67.06,
mistral,q16,easy,What is the daily per diem for domestic trips within Germany?,42 euros,3,42 euros,3,1.0,1,1,,1.127,1.111,1,1,1,27,39.2,0.035,0.023,0.012,4.611,4.611,67.06,
mistral,q17,medium,Which purchases need director approval?,"Any trip or purchase with an expected total cost above 2,000 euros",3,"Purchases with an expected total cost above 2,000 euros.",3,1.0,1,1,,1.189,1.176,1,1,1,40,39.0,0.035,0.023,0.012,4.611,4.611,67.06,
mistral,q18,easy,What is the minimum password length?,14 characters,4,14 characters,4,1.0,1,1,,1.103,1.087,1,1,1,26,36.1,0.035,0.023,0.012,4.611,4.611,67.06,
mistral,q19,easy,What is the name of the company password manager?,KeyHarbor,4,KeyHarbor,4,1.0,1,1,,2.12,2.104,1,1,1,26,32.0,0.035,0.023,0.012,4.611,4.611,67.06,
mistral,q20,medium,"Which extension should be called to report a lost laptop, and how quickly?","Extension 4400, within 1 hour",4,Internal extension 4400,4,1.0,0,1,,1.544,1.53,1,1,1,30,32.8,0.035,0.023,0.012,4.611,4.611,67.06,
mistral,q21,medium,How often is the phishing simulation run?,Once per quarter,4,Once per quarter,4,1.0,1,1,,1.009,0.989,1,1,1,26,30.6,0.035,0.023,0.012,4.611,4.611,67.06,
mistral,q22,medium,What second factor must engineering staff use?,Hardware security keys,4,hardware security keys,4,1.0,1,1,,1.852,1.839,1,1,1,27,29.8,0.035,0.023,0.012,4.611,4.611,67.06,
mistral,q23,medium,Through which service may Restricted data be shared?,Parcelvault,4,Parcelvault,4,1.0,1,1,,1.598,1.583,1,1,1,27,33.7,0.035,0.023,0.012,4.611,4.611,67.06,
mistral,q24,medium,How many approving reviews are required to merge into the main branch of a firmware repository?,At least 2,5,At least 2 approving code reviews,5,1.0,1,1,,1.853,1.838,1,1,1,31,34.5,0.035,0.023,0.012,4.611,4.611,67.06,
mistral,q25,medium,When are production deployments frozen?,Fridays after 14:00 and the last two weeks of December,5,Production deployments are frozen on Fridays after 14:00.,5,1.0,0,1,,1.316,1.302,1,1,1,39,34.1,0.035,0.023,0.012,4.611,4.611,67.06,
mistral,q26,easy,Within how many minutes must the on-call engineer respond to a SEV1 incident?,15 minutes,5,15 minutes,5,1.0,1,1,,1.648,1.634,1,1,1,26,31.9,0.035,0.023,0.012,4.611,4.611,67.06,
mistral,q27,hard,Is a written postmortem required for a SEV3 incident?,"No, postmortems are only required for SEV1 and SEV2",5,Not found in the document.,0,1.0,0,0,,12.855,12.843,1,1,1,28,44.3,0.035,0.023,0.012,4.611,4.611,67.06,
mistral,q28,easy,How much is the weekly on-call allowance?,300 euros per week,5,300 euros,5,1.0,1,1,,0.801,0.786,1,1,1,28,38.4,0.035,0.023,0.012,4.611,4.611,67.06,
mistral,q29,hard,Do German language courses count against the annual learning budget?,"No, they are covered at 100 percent and do not count against the budget",6,Not found in the document.,0,0.5,0,0,,1.347,1.332,1,1,1,28,36.4,0.035,0.023,0.012,4.611,4.611,67.06,
mistral,q30,easy,In which months does the Featherfest hackathon take place?,May and November,6,Featherfest hackathon takes place in May and November.,6,1.0,1,1,,1.684,1.667,1,1,1,35,31.6,0.035,0.023,0.012,4.611,4.611,67.06,
gemma2:9b,q01,easy,In which year and city was Quillfeather Robotics founded?,2017 in Leipzig,1,"Quillfeather Robotics was founded in 2017 in Leipzig, Germany.",1,1.0,1,1,,17.305,17.289,1,1,1,38,18.7,0.033,0.033,0.0,6.593,5.256,53.24,
gemma2:9b,q02,easy,Where is Quillfeather's second engineering office located?,"Porto, Portugal",1,"Porto, Portugal",1,1.0,1,1,,2.297,2.277,1,1,1,25,19.4,0.033,0.033,0.0,6.593,5.256,53.24,
gemma2:9b,q03,easy,How long does the Launchpad onboarding programme last?,21 calendar days,1,21 calendar days,1,1.0,1,1,,2.695,2.675,1,1,1,26,18.2,0.033,0.033,0.0,6.593,5.256,53.24,
gemma2:9b,q04,easy,Within how many hours must a newly issued laptop be enrolled in device management?,48 hours,1,48 hours,1,1.0,1,1,,2.467,2.448,1,1,1,25,21.9,0.033,0.033,0.0,6.593,5.256,53.24,
gemma2:9b,q05,medium,What rule applies when choosing a new hire's onboarding buddy?,The buddy always comes from a different team,1,The onboarding buddy always comes from a different team.,1,1.0,1,1,,2.835,2.818,1,1,1,31,21.5,0.033,0.033,0.0,6.593,5.256,53.24,
gemma2:9b,q06,easy,What are the company's core working hours?,10:00 to 15:00 CET,2,Quillfeather's core working hours are from 10:00 to 15:00 CET.,2,1.0,1,1,,3.576,3.56,1,1,1,46,19.9,0.033,0.033,0.0,6.593,5.256,53.24,
gemma2:9b,q07,hard,"How many days off does a full-time employee get per year in total, counting annual leave and Focus Days?",30 days (28 annual leave + 2 Focus Days),2,30 days,2,1.0,1,1,,2.518,2.497,1,1,1,25,19.0,0.033,0.033,0.0,6.593,5.256,53.24,
gemma2:9b,q08,easy,By what date must carried-over leave days be used?,31 March,2,Carried-over leave days must be used by 31 March.,2,1.0,1,1,,2.761,2.742,1,1,1,36,21.2,0.033,0.033,0.0,6.593,5.256,53.24,
gemma2:9b,q09,medium,From which day of sickness is a doctor's certificate required?,From the 4th consecutive day,2,From the 4th consecutive day of sickness.,2,1.0,1,1,,2.833,2.814,1,1,1,31,19.9,0.028,0.033,0.0,6.593,5.256,53.24,
gemma2:9b,q10,easy,How many Work-From-Anywhere days can an employee use per year?,20 days,2,Up to 20,2,1.0,1,1,,2.089,2.074,1,1,1,27,23.0,0.028,0.033,0.0,6.593,5.256,53.24,
gemma2:9b,q11,medium,"What tool is used to submit business expenses, and within how many days?","Ledgerline, within 30 days",3,Business expenses must be submitted through the Ledgerline expense tool within 30 days of the purchase.,3,1.0,1,1,,3.483,3.467,1,1,1,41,20.2,0.028,0.033,0.0,6.593,5.256,53.24,
gemma2:9b,q12,easy,Above what amount is an itemised receipt required?,25 euros,3,25 euros,3,1.0,1,1,,2.559,2.541,1,1,1,25,21.4,0.028,0.033,0.0,6.593,5.256,53.24,
gemma2:9b,q13,medium,What is the maximum hotel rate per night for a business trip to Zurich?,220 euros,3,220 euros,3,1.0,1,1,,1.956,1.937,1,1,1,26,19.3,0.023,0.033,0.0,6.593,5.256,53.24,
gemma2:9b,q14,hard,What is the maximum hotel rate per night for a business trip to Hamburg?,160 euros (standard limit),3,Not found in the document.,0,0.0,0,0,,1.986,1.969,1,1,1,27,19.6,0.023,0.033,0.0,6.593,5.256,53.24,
gemma2:9b,q15,hard,An employee has a 7-hour flight. Which cabin class may they book?,Premium economy,3,Premium economy,3,1.0,1,1,,2.753,2.734,1,1,1,24,21.4,0.023,0.033,0.0,6.593,5.256,53.24,
gemma2:9b,q16,easy,What is the daily per diem for domestic trips within Germany?,42 euros,3,The daily meal allowance (per diem) for domestic trips within Germany is 42 euros.,3,1.0,1,1,,4.347,4.325,1,1,1,40,19.7,0.022,0.033,0.0,6.593,5.256,53.24,
gemma2:9b,q17,medium,Which purchases need director approval?,"Any trip or purchase with an expected total cost above 2,000 euros",3,"Any single trip or purchase with an expected total cost above 2,000 euros requires written approval from a director before booking.",3,1.0,1,1,,3.107,3.092,1,1,1,48,20.0,0.018,0.033,0.0,6.593,5.256,53.24,
gemma2:9b,q18,easy,What is the minimum password length?,14 characters,4,At least 14 characters long,4,1.0,1,1,,1.986,1.97,1,1,1,29,23.2,0.027,0.033,0.0,6.593,5.256,53.24,
gemma2:9b,q19,easy,What is the name of the company password manager?,KeyHarbor,4,KeyHarbor,4,1.0,1,1,,2.35,2.334,1,1,1,24,22.1,0.027,0.033,0.0,6.593,5.256,53.24,
gemma2:9b,q20,medium,"Which extension should be called to report a lost laptop, and how quickly?","Extension 4400, within 1 hour",4,Call internal extension 4400 within 1 hour.,4,1.0,1,1,,2.92,2.904,1,1,1,34,19.2,0.027,0.033,0.0,6.593,5.256,53.24,
gemma2:9b,q21,medium,How often is the phishing simulation run?,Once per quarter,4,The security team runs a phishing simulation once per quarter.,4,1.0,1,1,,2.261,2.245,1,1,1,32,23.3,0.027,0.033,0.0,6.593,5.256,53.24,
gemma2:9b,q22,medium,What second factor must engineering staff use?,Hardware security keys,4,Hardware security keys,4,1.0,1,1,,2.352,2.331,1,1,1,25,19.3,0.027,0.033,0.0,6.593,5.256,53.24,
gemma2:9b,q23,medium,Through which service may Restricted data be shared?,Parcelvault,4,Parcelvault,4,1.0,1,1,,2.799,2.782,1,1,1,24,21.1,0.022,0.033,0.0,6.593,5.256,53.24,
gemma2:9b,q24,medium,How many approving reviews are required to merge into the main branch of a firmware repository?,At least 2,5,At least 2,5,1.0,1,1,,3.263,3.248,1,1,1,26,18.1,0.016,0.033,0.0,6.593,5.256,53.24,
gemma2:9b,q25,medium,When are production deployments frozen?,Fridays after 14:00 and the last two weeks of December,5,Production deployments are frozen on Fridays after 14:00 and during the last two weeks of December.,5,1.0,1,1,,3.246,3.231,1,1,1,43,20.0,0.016,0.033,0.0,6.593,5.256,53.24,
gemma2:9b,q26,easy,Within how many minutes must the on-call engineer respond to a SEV1 incident?,15 minutes,5,15 minutes,5,1.0,1,1,,2.367,2.348,1,1,1,25,21.3,0.017,0.033,0.0,6.593,5.256,53.24,
gemma2:9b,q27,hard,Is a written postmortem required for a SEV3 incident?,"No, postmortems are only required for SEV1 and SEV2",5,Not found in the document.,0,0.0,0,0,,2.579,2.561,1,1,1,27,22.0,0.018,0.033,0.0,6.593,5.256,53.24,
gemma2:9b,q28,easy,How much is the weekly on-call allowance?,300 euros per week,5,Engineers on call receive an on-call allowance of 300 euros per week.,5,1.0,1,1,,2.422,2.408,1,1,1,39,20.2,0.018,0.033,0.0,6.593,5.256,53.24,
gemma2:9b,q29,hard,Do German language courses count against the annual learning budget?,"No, they are covered at 100 percent and do not count against the budget",6,"No, German language courses are covered at 100 percent and do not count against the learning budget.",6,1.0,1,1,,2.67,2.655,1,1,1,43,23.3,0.018,0.033,0.0,6.593,5.256,53.24,
gemma2:9b,q30,easy,In which months does the Featherfest hackathon take place?,May and November,6,May and November,6,1.0,1,1,,2.334,2.299,1,1,1,25,20.2,0.019,0.033,0.0,6.593,5.256,53.24,
